University, Image URL
AJ Institute Of Engineering And Technology,https://encrypted-tbn0.gstatic.com/images?q=tbn:ANd9GcTcGAqnP96IZBv3f8Cx94O3c-mAjCmm0WfXb3jnc2R7WA&s
A.K.S. University,https://encrypted-tbn0.gstatic.com/images?q=tbn:ANd9GcREdq7362-bZlI8ohq99ApmJ_JFwwXwLQ49paUgVRN5DZYsirEcdGtnFwMk&s=10
AAA College of Engineering and Technology,https://encrypted-tbn0.gstatic.com/images?q=tbn:ANd9GcSR3jedFeDnzPbspagKGGGuotcZIdXWEBvQtn9SWfvJEQ&s=10
Aalborg University,https://upload.wikimedia.org/wikipedia/commons/b/b9/AAU_logo_2012.png
Aalim Muhammed Salegh College of Engineering,https://encrypted-tbn0.gstatic.com/images?q=tbn:ANd9GcTpst7UH8P3hjMd5_kAEPDuTNuyPKYovgTktUZAGMhW_A&s=10
ABCO Technology,https://abcotechnology.edu/wp-content/uploads/2025/05/Abco-Technology-CoT1.png
Abertay University,https://encrypted-tbn0.gstatic.com/images?q=tbn:ANd9GcRMV1eDJklECsXYckJVgrao8DUD6v6PStxJomDGAZrp6A&s=10
Abilene Christian University,https://upload.wikimedia.org/wikipedia/en/6/6c/Abilene_Christian_Wildcats_logo.svg
ABU DHABI UNIVERSITY Abu Dhabi,https://encrypted-tbn0.gstatic.com/images?q=tbn:ANd9GcR6yabA0gj1jhES3Tcy6-lYa0slu1qyvHn2oIjFevVweQ&s=10
ABU DHABI UNIVERSITY Al Ain,https://encrypted-tbn0.gstatic.com/images?q=tbn:ANd9GcR6yabA0gj1jhES3Tcy6-lYa0slu1qyvHn2oIjFevVweQ&s=10
Academy of Maritime Education and Training,https://upload.wikimedia.org/wikipedia/en/7/78/AMET_University_logo.jpg
Acharya Nagarjuna University,https://encrypted-tbn0.gstatic.com/images?q=tbn:ANd9GcTfCXzqAPKg5dmP5L-gQneF10Q4dULeTLtevjVTu2agWA&s=10
"ACS College of Engineering, Mysore Road",https://image-upload.getmycollege.com/new-uploads/college/logo/acs-college-of-engineering-logo-783.png
Adamas University,https://upload.wikimedia.org/wikipedia/en/0/05/Adamas_University_Logo.png
Adelaide University,https://encrypted-tbn0.gstatic.com/images?q=tbn:ANd9GcRTWnXp6KPpQon5lwacjbuNNChpCGOa3hb_0GtjB8kNa-2oOqZsN9962NBp&s=10
Adhiparasakthi College of Engineering,https://apce.in/img/fav.jpg
Aditya University,https://encrypted-tbn0.gstatic.com/images?q=tbn:ANd9GcSW4S2dTNDwwQW2H_QFWf6QRhbd5qava-O6jBVTPp6FyEGbRKA4TsI3CqGh&s=10
AISECT University,https://lh3.googleusercontent.com/proxy/zt5Hkg5Btgb42H2liIzJZjRz3A7l6sTI7Ob1gfabMHft18BCTcysZuIUPh0gYRXYWXI6j_qWLFwyhrO9AFKmSOPhdAVDstNWYWM
Ajeenkya D.Y. Patil University,https://dypds.com/assets/images/logo/ADYPU-logo.jpeg
AJMAN UNIVERSITY,https://encrypted-tbn0.gstatic.com/images?q=tbn:ANd9GcSy_d4ecBeRWcUxyww7cmNrwd8Jqk6zy0dBwv_6XM2W3g&s=10
Akash Institute Of Engineering and Technology,https://images.shiksha.com/mediadata/images/1662011397phpivWSVn.jpeg
AL AIN UNIVERSITY Abu Dhabi,https://encrypted-tbn0.gstatic.com/images?q=tbn:ANd9GcSE8GXh54zVqXWtQpK_TsUbBvwRPTVmWioJ3U-1LtBsFPrVSzHgAw1qwpQq&s=10
AL AIN UNIVERSITY Al Ain,https://encrypted-tbn0.gstatic.com/images?q=tbn:ANd9GcSE8GXh54zVqXWtQpK_TsUbBvwRPTVmWioJ3U-1LtBsFPrVSzHgAw1qwpQq&s=10
Al Yamamah University,https://upload.wikimedia.org/wikipedia/en/thumb/9/97/Al_Yamamah_University_logo.svg/960px-Al_Yamamah_University_logo.svg.png?_=20250626013226
"Al-Ameen Engineering College, Palakkad",https://alameen.edu.in/wp-content/uploads/2022/07/logo_eng_alameen.png
Al-Azhar College of Engg. & Tech.,https://encrypted-tbn0.gstatic.com/images?q=tbn:ANd9GcQ_WNstOaFMZIaspfxBAxydlMkUTTG367_IjG20PhC3lw&s=10
Alfaisal University,https://upload.wikimedia.org/wikipedia/commons/7/73/Logoalf.png
Alliance Univeristy,https://upload.wikimedia.org/wikipedia/en/9/90/Alliance_University_Icon.svg
Alliant International University-San Diego,https://encrypted-tbn0.gstatic.com/images?q=tbn:ANd9GcQpJLRpgCevQEufQmMPIaipR7U8gvFtWpATxeSXYJ-7VA&s=10
Alma Mater Studiorum - Università di Bologna,https://upload.wikimedia.org/wikipedia/commons/9/9a/Alliant_International_University_Logo_-_Horizontal_Lg_v2.jpg?_=20170802192508
Alva's Institute of Engineering & Technology,https://encrypted-tbn0.gstatic.com/images?q=tbn:ANd9GcSrknAN37pzvFDpeuFXIH0D5iGfyhc9YQE6nvEac14yIQ&s=10
"Amal Jyothi College of Engineering, Kottayam",https://encrypted-tbn0.gstatic.com/images?q=tbn:ANd9GcRuhVopY0vZnwLlLYAbDk_xe-Pa0gkLSDI5PRjnmt1DPONEDrr_pV1itAU&s=10
American InterContinental University,https://encrypted-tbn0.gstatic.com/images?q=tbn:ANd9GcSAq975qnyGD6RodVoxi85K8u5wzHPbG1fdYjheMr8pagPvbMOAYkC5cR4K&s=10
American Military University,https://encrypted-tbn0.gstatic.com/images?q=tbn:ANd9GcQU8g5v4Q1CE4UBhvISHiYT8BS8h8YwLQu3goX7egDlxMcStXL3pWReSBHk&s=10
American National University,https://encrypted-tbn0.gstatic.com/images?q=tbn:ANd9GcSIrHhibr_UgGyYT9QDFK2qxIc39cTa3CC3vCU9vQINKQ&s=10
Amity University Bengaluru,https://i.pinimg.com/1200x/70/85/a4/7085a4e10fca016c9897b97b8e14b0a1.jpg
Amity University Gurugram,https://i.pinimg.com/1200x/70/85/a4/7085a4e10fca016c9897b97b8e14b0a1.jpg
Amity University Jaipur,https://i.pinimg.com/1200x/70/85/a4/7085a4e10fca016c9897b97b8e14b0a1.jpg
Amity University Mohali,https://i.pinimg.com/1200x/70/85/a4/7085a4e10fca016c9897b97b8e14b0a1.jpg
Amity University Noida,https://i.pinimg.com/1200x/70/85/a4/7085a4e10fca016c9897b97b8e14b0a1.jpg
Amrita Vishwa Vidyapeetham,https://upload.wikimedia.org/wikipedia/en/thumb/3/30/Amrita_Vishwa_Vidyapeetham_-_Logo_Icon.svg/1280px-Amrita_Vishwa_Vidyapeetham_-_Logo_Icon.svg.png
Amrita Vishwa Vidyapeetham Amritapuri,https://upload.wikimedia.org/wikipedia/en/3/30/Amrita_Vishwa_Vidyapeetham_-_Logo_Icon.svg
Anand Institute of Higher Technology,https://encrypted-tbn0.gstatic.com/images?q=tbn:ANd9GcQfFlieihneHUM0ky75XRNmsrAc-kKEhPDSjedrMwj--hcUzus4WyAf9qs&s=10
Anand Vishwa Gurukul College of Law,https://encrypted-tbn0.gstatic.com/images?q=tbn:ANd9GcSHg2FD2zNLFFnyYMlIfn-XStRK0TTBr2sFOH9ECjABmQ&s=10
Anderson University,https://andersonuniversity.edu/wp-content/uploads/2024/04/AU_2024_shield_print.webp
Anglia Ruskin University,https://keystoneacademic-res.cloudinary.com/image/upload/element/19/191782_191241_ARU_Logo_Descriptor_RGB_Blue3.png
Anjaneya University,https://media.collegedekho.com/media/img/institute/logo/1677909788logo_1.JPG
Annasaheb Dange College of Engineering and Technology,https://www.adcet.ac.in/uploads/1676968661.png
Anurag University,https://encrypted-tbn0.gstatic.com/images?q=tbn:ANd9GcTTg0PkUHv2XlGKqhhd-f5CNiX_m4f8G8tiFC2ChrDBv_3C1BJwKKSuuY4&s=10
Apex Australia Higher Education,https://encrypted-tbn0.gstatic.com/images?q=tbn:ANd9GcTkszzo402iBW7FEtv3ngV46U56AQDLOytt3_hj6s7GUuqclO1LRU7ycGE&s=10
Apex University,https://encrypted-tbn0.gstatic.com/images?q=tbn:ANd9GcT-0hTL87ti_bnPpnTbJq-dc8V1pYHt-Rw89AR16Pe4KF09kFEK-ylvFqsb&s=10
APS College of Engineering Bangalore,https://apspucsc.org/images/logo.png
Ara Institute of Canterbury,https://upload.wikimedia.org/wikipedia/en/6/6a/Ara_Institute_of_Canterbury.png
Arden University,https://upload.wikimedia.org/wikipedia/en/7/7b/Arden_University_logo.svg
Arizona State University,https://encrypted-tbn0.gstatic.com/images?q=tbn:ANd9GcSt43DgyjxLa3Etkd5KBKxPlAoKeGO-MXRufq2A33v6_Q&s
Arjun College of Technology,https://encrypted-tbn0.gstatic.com/images?q=tbn:ANd9GcR-qn3hzbUbsdz52s3mU-DSXnWLt-E-I6HbbUTg8YFyM1xG5t2NMVUdcmQ&s=10
ARKA Jain University,https://encrypted-tbn0.gstatic.com/images?q=tbn:ANd9GcSZYZFi6B0t4kVoJ-euxW-G8Mo_rMMjsPhF4Dtld5fjsTnYvnso8p52PibT&s=10
Arul Tharum VPMM College of Engineering and Technology,https://www.vpmm.in/assets/logo/vpmm%20architecture%20logo.jpg
Arunai Engineering College,https://i1.rgstatic.net/ii/institution.image/AS%3A267467199320077%401440780557917_l
Arya College,https://engineeringcollegerajasthan.wordpress.com/wp-content/uploads/2019/01/logo1.jpg
Aryavart International University,https://aiuniversity.edu.in/img/logo.png
Asan Memorial College of Engineering and Technology,https://encrypted-tbn0.gstatic.com/images?q=tbn:ANd9GcSPZSJnfTzcxG_mL2KmiIGUKzEA3eUPsPGbeQYMtdW-paQ8z0MDEZL2N99l&s=10
Asansol Engineering College,https://upload.wikimedia.org/wikipedia/en/d/d4/Asansol_Engineering_College_Logo.png
Asha M. Tarsadia Institute of Computer Science and Technology,https://www.utu.ac.in/AMTICS/images/logo.png
Asia Pacific University,https://encrypted-tbn0.gstatic.com/images?q=tbn:ANd9GcQSGYI3LiGlzlDhGjVBynx0HjtCjephLF0KRxoWsvNRvGkCJ4HG5R5XEvw&s=10
Asian School of Cyber law,https://encrypted-tbn0.gstatic.com/images?q=tbn:ANd9GcT8KPt7pWNaOkTpPejvsHYicZ-lTqiEFF0vdpbs_oKg4vwQik6RVXwVdx8&s=10
Aston University,https://upload.wikimedia.org/wikipedia/commons/4/49/AU_Birmingham_logo_Purple_RGB.png
IIITM Gwalior,https://www.iiitm.ac.in/public/header_image/1770627993_logo.png
"ATME College of Engineering, Mysore",https://encrypted-tbn0.gstatic.com/images?q=tbn:ANd9GcScnuNI3c8X9TV1MYXGRuwGs5U-c1gFPWvcblarUodfeQ&s=10
Auburn University,https://upload.wikimedia.org/wikipedia/commons/1/15/Auburn_Tigers_logo.svg
Auckland University of Technology ,https://encrypted-tbn0.gstatic.com/images?q=tbn:ANd9GcSJe61Hfg2GxtjdirF8afRwJqGpbxErCXSrEIFHBLYhJw&s
Augusta University,https://encrypted-tbn0.gstatic.com/images?q=tbn:ANd9GcReyLCnv4-uyWtiU-MCm74S1u97vm3Cb_cFrfmj79l7Mg&s=10
Aurora Higher Education and Research Academy,https://encrypted-tbn0.gstatic.com/images?q=tbn:ANd9GcSPScojStUnCOmNq1Cts_RN42J0OchUunyki2hJcRmneA&s
Australian Academy of Higher Education,https://encrypted-tbn0.gstatic.com/images?q=tbn:ANd9GcS73j0FpBRFDaReb7GhWOX1_DarhKdx4TXaYR_d1DMkQA&s=10
Australian Catholic University,https://upload.wikimedia.org/wikipedia/en/5/5e/Australian_Catholic_University_Coat_of_Arms.png
Australian Data and Cyber Institute,https://encrypted-tbn0.gstatic.com/images?q=tbn:ANd9GcTpgpcYgppWpWjiaBXwFn1Tn09I3Q3zvmEFgGNaEJReTXTslZwLhVsJhLc&s=10
Australian Institute of Higher Education,https://encrypted-tbn0.gstatic.com/images?q=tbn:ANd9GcQ4tRup_4uzeA3-1WbVLHhQOpU99gY4XDvoTqJw9psbfs9IwcJau4JKN0w&s=10
Avantika University,https://upload.wikimedia.org/wikipedia/en/thumb/3/3a/Avantika_Logo.svg/1280px-Avantika_Logo.svg.png
Avinashilingam Institute for Home Science & Higher Education for Women,https://encrypted-tbn0.gstatic.com/images?q=tbn:ANd9GcQm6AhxOZl186HekK0Lx6qG-fDqorcnP0UiobiYc-kPOrVoyqeMupbDvaU&s=10
AVS COLLEGE OF ARTS & SCIENCE,https://www.avscollege.ac.in/img/a1.png
"B.M.S. College of Engineering, Basavanagudi",https://upload.wikimedia.org/wikipedia/en/8/87/BMS_College_of_Engineering.svg
Crescent Institute of Science and Technology,https://upload.wikimedia.org/wikipedia/en/c/c7/B.S._Abdur_Rahman_Crescent_Institute_of_Science_and_Technology_logo.png
BMS Institute of Technology and Management Bangalore ,https://upload.wikimedia.org/wikipedia/en/6/65/B.M.S._Institute_of_Technology_and_Management_logo.png
Babu Banarasi Das University,https://encrypted-tbn0.gstatic.com/images?q=tbn:ANd9GcSapBc4BkfUnV56-q7GPGCU7YDz1NyJZKBaIhYTfGNx3jqgGrdTgl5LH1U&s=10
Babu Dinesh Singh University,https://bdsu.ac.in/wp-content/uploads/2025/01/cropped-cropped-logo-babu-dinesh-university-removebg-preview.png
Baderua Global Institute of Engineering & Management Jabalpur,https://encrypted-tbn0.gstatic.com/images?q=tbn:ANd9GcT1MjFc34chBvaiMOuQu5C8jePDtgm1qEGRqberSSN4y1-h4QjsuATTazht&s=10
Bahra University,https://bushimla.in/header/BU_Logo_K@4x.webp
Ball State University,https://encrypted-tbn0.gstatic.com/images?q=tbn:ANd9GcQA6-hobCd6bRtbi9kK9K-QrX8fMPUX2T5UCUmAZ_ciXbZr-D84JfwE7sM&s=10
Bangalore Institute of Technology,https://upload.wikimedia.org/wikipedia/en/d/d7/Bangalore_Institute_of_Technology_logo.png
Bangkok University,https://upload.wikimedia.org/wikipedia/en/a/a2/Bangkok_University_%28logo%29.png
Bapuji Institute of Engineering and Technology,https://upload.wikimedia.org/wikipedia/en/0/0e/Bietlogo.jpg
Bar-Ilan University,https://encrypted-tbn0.gstatic.com/images?q=tbn:ANd9GcR1Dwid7SW_9TZfJSpOr5INwC38Fv-ia18IOj_4XyWK7Q&s=10
Bath Spa University,https://encrypted-tbn0.gstatic.com/images?q=tbn:ANd9GcQ0TnqR1Mt6Bqw3VyWjX6F89MoZLSkdAm9ZEB8jY_N-BQ&s=10
Baylor University,https://encrypted-tbn0.gstatic.com/images?q=tbn:ANd9GcSx-DKPyp9K1KzJegzkDbGVLfNe6y61zpdtkX7ER_Vp7g&s=10
Bellevue University,https://encrypted-tbn0.gstatic.com/images?q=tbn:ANd9GcQ_GQRKcl-YVsfX-O1EACenGXJSnfk6mfuD85lHbyq-EQ&s=10
Ben-Gurion University of The Negev,https://upload.wikimedia.org/wikipedia/en/2/29/Ben-Gurion_University_of_the_Negev.svg
Berner Fachhochschule,https://upload.wikimedia.org/wikipedia/commons/a/a2/BFH_Logo_deutsch.png
Bharata Mata College of Commerce &Arts,https://encrypted-tbn0.gstatic.com/images?q=tbn:ANd9GcSuoRA6njQQGM9nGGAQbi4_oQonwc_niCsSuW6b2Xu4MzgQGrx68xE8AAg&s=10
Bharatiar University,https://upload.wikimedia.org/wikipedia/en/5/51/Bharathiar_University_logo.png
Bhartiya Vidyapeeth,https://encrypted-tbn0.gstatic.com/images?q=tbn:ANd9GcRYywgjyuDPJbJwM2ZZVnylFdRwFKQutFjRNeJyAuqVGqLgpfQa-JOpqz8&s=10
"Bheemanna Khandre Institute of Technology, Bhalki",https://recbhalki.org/images/LOGO%201.png
"Birkbeck, University of London",https://upload.wikimedia.org/wikipedia/commons/7/7a/Birkbeck%2C_University_of_London.png
Birla Institute of Technology & Science,https://encrypted-tbn0.gstatic.com/images?q=tbn:ANd9GcQmiaZYCUiho46Qsbv4WxDnZcOkRg9Oq4fd0tsKd6053tY1C-5_8wG_aDbt&s=10
Birmingham City University,https://encrypted-tbn0.gstatic.com/images?q=tbn:ANd9GcTj4VjRprhOJU-pQRKuGlWXfIx8gdHiqr5gFmO91fqjzvTZfWt80STEboA5&s=10
Birmingham Newman University,https://encrypted-tbn0.gstatic.com/images?q=tbn:ANd9GcRtqHu1VMoDTcbdK_TJnm3UO3M7BLowJYPXvrYkTUyuaA&s
Bishop Vayalil Memorial Holy Cross College,https://encrypted-tbn0.gstatic.com/images?q=tbn:ANd9GcRc1FFzEFqsKVh0lI-hoo-ku64DlWLITjHxXpJK0fT7E_iRTTwJ27k_zWCB&s=10
Bluefield University,https://encrypted-tbn0.gstatic.com/images?q=tbn:ANd9GcR2wvjTusN8D0q7lMwQfAbIV8e7KvglCVUUEYQPdxWavg&s=10
Boise State University,https://www.boisestate.edu/wp-content/uploads/sites/150/2019/06/Stacked-square-gray-2.png
Bond University,https://encrypted-tbn0.gstatic.com/images?q=tbn:ANd9GcRd5MgFJ_gCJdlz-f8x44j704uxyJ2Ft5rDgiGj5Try4Pr9GvTi58TUDZVX&s=10
Boston University,https://encrypted-tbn0.gstatic.com/images?q=tbn:ANd9GcRjax5ArftZf1kirjh6vBNFif97K-sH3Z8zs7yZlKPxfQ&s=10
Bournemouth University,https://i1.sndcdn.com/avatars-000617661867-qpt7lq-original.jpg
Bow Valley College,https://cdn.prod.website-files.com/66a28fdfe76f2f849d7b00f3/66c389c5e30a4aab3cfeec89_favicon-bvc-256.png
Brainware University,https://i.pinimg.com/736x/18/73/f9/1873f931216c13827122bad8a00e3cfb.jpg
Brindavan College of Engineering,https://timesofcollege.com/images/colleges/banner/logo_1779951740031.jpg
Brown University,https://encrypted-tbn0.gstatic.com/images?q=tbn:ANd9GcQwOf7-DD-qXcYLYN926TnKZ0r8w_aXcU5xb_s73CcdZQ&s=10
Bucharest University of Economic Studies,https://encrypted-tbn0.gstatic.com/images?q=tbn:ANd9GcRMD_-lnpLEU-kcpDoH4k2I9V6a2-uNj7jsfIIzezcAgg&s=10
Buckinghamshire New University,https://upload.wikimedia.org/wikipedia/commons/a/af/Buckinghamshire_New_University.jpg
C. V. Raman Global University,https://upload.wikimedia.org/wikipedia/en/6/6a/C._V._Raman_Global_University_Logo.png
California Polytechnic State University,https://encrypted-tbn0.gstatic.com/images?q=tbn:ANd9GcTaY7NbXUZxZRPjZQbFAH_L0mwltPcBhLQ8zkC45NE6tQ&s
"California State University, Chico",https://logos-world.net/wp-content/uploads/2022/01/California-State-University-Chico-Logo.png
"California State University, Dominguez Hills",https://encrypted-tbn0.gstatic.com/images?q=tbn:ANd9GcTMWSj-Idh5E85Cre495v7UFt6RzFnlHAt50qJXqcmPxGvDJxhnfqsIfu_O&s=10
"California State University, Fullerton",https://encrypted-tbn0.gstatic.com/images?q=tbn:ANd9GcSOqlLuFdGpCsHhjMbqkLYDOFSJKeaLjcmlELwtAUHT0w&s=10
Cambrian College,https://encrypted-tbn0.gstatic.com/images?q=tbn:ANd9GcRVytSkPkDgOnfCXue1HDoGcSV0020KYdoT9Y9GMNXQHg&s
"Cambridge Institute Of Technology Devanahalli, Bangalore",https://encrypted-tbn0.gstatic.com/images?q=tbn:ANd9GcRvzpSaPfbRF_FtR9Iu7wrWqp2MLDhVBe_wbtKvk7OysLkZDaA_RHZLr3E&s=10
"Cambridge Institutute of Technology, K.R.Puram, Bangalore",https://encrypted-tbn0.gstatic.com/images?q=tbn:ANd9GcRvzpSaPfbRF_FtR9Iu7wrWqp2MLDhVBe_wbtKvk7OysLkZDaA_RHZLr3E&s=10
Canadore College,https://ik.imagekit.io/upgrad1/abroad-images/university/1229/banner/cl_banner1QWPTA.png
Canberra Institute of Technology (CIT),https://encrypted-tbn0.gstatic.com/images?q=tbn:ANd9GcSXdU3XUdB8ZL3-C1tzBduhKarNiZyOq2-f2UTQmBtjxg&s=10
Cape Peninsula University of Technology,https://encrypted-tbn0.gstatic.com/images?q=tbn:ANd9GcSha6BWWPE013-ESTwdidWTLkjg1Hn2_wzarP9hfx5kgw&s=10
Capitol Technology University,https://encrypted-tbn0.gstatic.com/images?q=tbn:ANd9GcRHC1zlQUw2IrmhnUlP3O5Mv5gt1GPpie0mz9qI0D6UcEabLJcZwHs3soA&s=10
Cardiff and Vale College,https://encrypted-tbn0.gstatic.com/images?q=tbn:ANd9GcTGRj6eVW1wQwTZIox-K5K5l1lK50IZxQLCnf5FKU4H3d5hKIsgFC5ahHRK&s=10
Cardiff University,https://encrypted-tbn0.gstatic.com/images?q=tbn:ANd9GcTalaeMFAVmou-gpNxUgDZe7XdobWb0rhszEtl-JLb1Jw&s
Career Point University,https://encrypted-tbn0.gstatic.com/images?q=tbn:ANd9GcQuSvNg45aphXZS2NZtdUDDvFWfCtKOyzm3mQobUzk6T20Ql_dJhUVk6M4&s=10
Carleton University,https://encrypted-tbn0.gstatic.com/images?q=tbn:ANd9GcTuQK2FYbYGYv3PNxFiE3qtkEjpzuZqGY7TvBpZknsZmUHdSz-WpG9mVxE&s=10
Carnegie Mellon University,https://encrypted-tbn0.gstatic.com/images?q=tbn:ANd9GcSJspxm9jjP8zmdvVLsWbU6j_wqBjUOd-5nlPCeefKBMhx18C9naZLOeuy4&s=10
Cedarville University,https://encrypted-tbn0.gstatic.com/images?q=tbn:ANd9GcSAsU3HNwXR95kneyMN2MfdQZgMG3Cb4SmamughY3VuUjzktNI7y6D_HySu&s=10
Central Connecticut State University,https://encrypted-tbn0.gstatic.com/images?q=tbn:ANd9GcS5SosxP8SLIXabu3M3VMgvFPTHKj3b7gRT8WUXVJa2Ig&s=10
Central University Of Jammu,https://upload.wikimedia.org/wikipedia/en/0/0f/Central_University_of_Jammu_Logo.png
"Central University of Punjab, Bathinda",https://encrypted-tbn0.gstatic.com/images?q=tbn:ANd9GcT98-520OmlhP8Y8_ZlC068fvhssuwQgMN5nQmayK1Z-E7RUPvvc18UlQQ&s=10
Centre for Development of Advanced Computing,https://upload.wikimedia.org/wikipedia/commons/f/fd/Logo_for_the_Centre_for_Development_of_Advanced_Computing.svg
Centurion University,https://upload.wikimedia.org/wikipedia/en/6/62/Centurion_University_of_Technology_and_Management_Logo.svg
CESI Ecole D'Ingénieurs,https://encrypted-tbn0.gstatic.com/images?q=tbn:ANd9GcSzym7SoRi1IZyueGe9gyYJUVDaGcDQSabjk4xiWLg_FjImOYxCHowseJuP&s=10
Chaitanya Bharathi Institute of Technology,https://upload.wikimedia.org/wikipedia/en/6/68/Chaitanya_Bharathi_Institute_of_Technology_logo.png
Chalmers University of Technology,https://encrypted-tbn0.gstatic.com/images?q=tbn:ANd9GcRfTyg1T8UQMuskaNPwSemI-pTu_o7DvI0rUv42EwgxUw&s
Chandigarh University,https://upload.wikimedia.org/wikipedia/commons/b/b0/Chandigarh_University_Seal.png
Chang'an University,https://encrypted-tbn0.gstatic.com/images?q=tbn:ANd9GcTY3g_K3vKJNT9PFJuwp-KjK8Rf8lZECWdiOuMwxn8qAp3SomxiJLp_7ZT7&s=10
Charles Darwin University,https://encrypted-tbn0.gstatic.com/images?q=tbn:ANd9GcToEDqBiCo46WGlG8UAQcqk08JT09UhUxTreTcGIETCL4LnlD9SPS4d7As&s=10
Charles Sturt University,https://encrypted-tbn0.gstatic.com/images?q=tbn:ANd9GcTGibmifowvZtAXHMi0DZVP377vdZv5YPZTFSGtam43ze2Gw3JZFr9OqlU&s=10
Chennai Institute of Technology,https://encrypted-tbn0.gstatic.com/images?q=tbn:ANd9GcRNx4pmlRaRR0YftFZGH_CGHISFrKxeKdlz5Rulo7tqZ6Zuq_cOvnsINlvW&s=10
Cheran College of Technology,https://encrypted-tbn0.gstatic.com/images?q=tbn:ANd9GcTrrQB-J0I9gcs4zoB90AoRa9-QxvA7MiW7S-uTjV1YDTNcrsz9XqvRkKM&s=10
Chhotubhai Gopalbhai Patel Institute of Technology,https://cgpit-bardoli.edu.in/wp-content/uploads/2016/05/header2.gif
Chiang Mai University,https://upload.wikimedia.org/wikipedia/en/2/25/Chiang_mai_university_logo.png
Children Welfare Centre's College of Law,https://encrypted-tbn0.gstatic.com/images?q=tbn:ANd9GcRvrb-pNwklfE8PxyfAs2yT-XAcVXkvlhtYarhN3CsFGZnEzaCHM7SbXRRp&s=10
Chitkara University,https://encrypted-tbn0.gstatic.com/images?q=tbn:ANd9GcRQ75YCYFVNmNJzIkTK9xtRkdsoT4z8MMnHPfG-VlonagArgZd9c3C__Oo&s=10
Choice Academic College,https://www.cacademic.edu.au/wp-content/uploads/2019/09/cac-logo.png
Christ University,https://upload.wikimedia.org/wikipedia/commons/7/7e/Christ_University_Official_Logo.png
City College Norwich Higher Education,https://encrypted-tbn0.gstatic.com/images?q=tbn:ANd9GcTsUY_VkKKRlZS3qOSc57sOlQHIZmlnISpr5PduCfiLeCQ5Qv5_4QLGNi0&s=10
"City St George’s, University of London",https://encrypted-tbn0.gstatic.com/images?q=tbn:ANd9GcSvDoQLtwLT64TUiuviICgY2Cd7i0QhHhv1ejjkd8ZAsYqrkzM7KEHPkkDp&s=10
Clarkson College,https://encrypted-tbn0.gstatic.com/images?q=tbn:ANd9GcTegmQZI0CvkVEz8MursAjinQEFqj8FGkpU5U1Bqhyg4Q&s
CMS College of Engineering,https://www.cmscollegeofengg.org/assets/img/logo.png
Cnam Occitanie,https://encrypted-tbn0.gstatic.com/images?q=tbn:ANd9GcR6_0pm0dyvrUSviGPcPCdl_rVI89UWoCpybsjagbYmpZUvFPmTI70Vd5o&s=10
"Cochin Arts and Science College,",https://encrypted-tbn0.gstatic.com/images?q=tbn:ANd9GcTLXEPibXuXqWK0Dkvfo1zMLqdNvksTbaWUG0KIjU0eFmy5CTlxho1G-9k&s=10
Cochin University of Science and Technology,https://cusat.ac.in/files/pictures/pictures_1_logo.png
COEP Technological University,https://upload.wikimedia.org/wikipedia/en/f/f0/College_of_Engineering%2C_Pune_logo.jpg
"COER University, Roorkee",https://encrypted-tbn0.gstatic.com/images?q=tbn:ANd9GcRiaAol1s5UArnhKFNlLsVFOrI5mFG3OPWbJQ&s
Coimbatore Institute of Engineering and Technology,https://www.cietcbe.edu.in/images/logo.png
"College of Engineering, Kallooppara, Thiruvalla",https://image-static.collegedunia.com/public/college_data/images/logos/14532829412.png
Colorado Christian University,https://encrypted-tbn0.gstatic.com/images?q=tbn:ANd9GcSD2-hPNx7ZZMHoxpeHx3iozLvCjK0tvUwGif45BsolMjyowTPfGJDKvts&s=10
Colorado State University,https://brand.colostate.edu/wp-content/uploads/sites/47/2025/02/CSU-Rams-Head-Symbol-Wht-768x768.jpg
Columbia Southern University,https://encrypted-tbn0.gstatic.com/images?q=tbn:ANd9GcQd8MZ3WO6VPc42YZN7XNO2iTIWdMLQdEOeLPuNk6u_qA&s
Columbia University,https://miro.medium.com/0*3qIWoFnZgVUtsXB-.png
Comillas Pontifical University,https://encrypted-tbn0.gstatic.com/images?q=tbn:ANd9GcR3nqiV9UnNR0G8ok2Hn16-KxWFo-gMlsgaar2izNI8Jg&s=10
Community College Of Qatar,https://encrypted-tbn0.gstatic.com/images?q=tbn:ANd9GcQyNmptuhDnHrOY-ngt7yWmg3aM7_zMOcJ07H7oSDhBcKbqogwBBIsXt-I&s=10
Concordia University of Edmonton,https://encrypted-tbn0.gstatic.com/images?q=tbn:ANd9GcS6BqBD_xS3Fd4OV6dJQWhoCkjPFRrLJUzGFrG55RoG4yvqHXLT__vOnP4&s=10
"Coorg Institute of Technology, Kunda, Ponnampet",https://encrypted-tbn0.gstatic.com/images?q=tbn:ANd9GcS7yi7BqUorOlk3kxJgNUBTbVuzfjw3muqWMweLU1_jGk0A5OaY-iCw5por&s=10
Cornell University,https://encrypted-tbn0.gstatic.com/images?q=tbn:ANd9GcRncxJxkewH8KOaL4cD6LHaV3qBlHYXRvrE-nJtEDhQUw&s=10
Coventry University,https://brandeps.com/logo-download/c/coventry-university-logo-01.png
Cranfield University,https://encrypted-tbn0.gstatic.com/images?q=tbn:ANd9GcSOR6N1iWzJRohkPamO5rAOVrD343oVKBJxEpd7ytNZ8kIC0DurFRIl9Csz&s=10
Curtin University,https://upload.wikimedia.org/wikipedia/en/4/41/Curtin_University_Crest.jpg
Cergy Paris University,https://encrypted-tbn0.gstatic.com/images?q=tbn:ANd9GcSCjxvX-HXzEN15NmBf1ZzDFT487gd8ovpv98kHdR9O4eaEiLHyjPfw4RNT&s=10
DAV University,https://cdn-prod.mybharats.in/organization/DL-ns-22f6e87a-077b-47e2-a2c5-d311d00df9b6_DAVULogo.png
Dakota State University,https://encrypted-tbn0.gstatic.com/images?q=tbn:ANd9GcSisvEZiKjaRci8zPWVDwMcGdiTFNOYR1I2pVJLLEA3kg&s=10
Datta Meghe Institute of Higher Education and Research,https://www.topuniversities.com/sites/default/files/profiles/logos/250726084642am925095Picture1-200x200.jpg
Dayananda Sagar Academy of Technology & Mgmt.Technical Campus,https://image-upload.getmycollege.com/new-uploads/college/logo/dayananda-sagar-academy-of-technology-and-management-logo-928.jpg
Dayananda Sagar University,https://encrypted-tbn0.gstatic.com/images?q=tbn:ANd9GcR16cMAQp8NaFXnPrqb3ff3VUFU81mM-mLiHXkppruCU05Sz36K6zdIiWL-&s=10
DBS Global University,https://encrypted-tbn0.gstatic.com/images?q=tbn:ANd9GcRi872mVYN7fzkBXC4boUs7crUAt-wZWZi4FajDZPFd_OVg5y3pEbFQTF0&s=10
De La Salle-College of Saint Benilde,https://upload.wikimedia.org/wikipedia/en/a/af/DLSCSB_seal.svg
De Montfort University,https://encrypted-tbn0.gstatic.com/images?q=tbn:ANd9GcQ_DhL4TOF3CRQlBrIexKoduntCBrwqIs_0c1wZBpqnqqYlAu3_oocJrXpz&s=10
Deakin University,https://encrypted-tbn0.gstatic.com/images?q=tbn:ANd9GcSvIrEQkkOqlL1O7b5ou2EXPOY8vb8rgX1Xs3YdA_O65w&s=10
Defence Institute of Advanced Technology,https://encrypted-tbn0.gstatic.com/images?q=tbn:ANd9GcQoX2p2HLTKO2Tx39vI0do8qqT1Q0Q9EbTRokVZLCONeA&s=10
Delft University of Technology,https://encrypted-tbn0.gstatic.com/images?q=tbn:ANd9GcT6cRILs51wxr9rWtS8AENneBlp_5X00KZgo9A-fefBdg&s=10
DePaul University,https://encrypted-tbn0.gstatic.com/images?q=tbn:ANd9GcTaepXw-2ZM7ztL79_xseI_ZjUpTUnTjDD8y3kfv7gSww&s=10
Desh Bhagat University,https://encrypted-tbn0.gstatic.com/images?q=tbn:ANd9GcSrhLbrEUkzQCyNy2lfpaNAq9VwLx7u6irB3RMpl_yucw&s
Dev Bhoomi Uttarakhand University,https://encrypted-tbn0.gstatic.com/images?q=tbn:ANd9GcSeeEGUawvyFS8dUKPqHDtkPQjxY2Ay3vLRvw9dX9xU6WHqdtkISwTaKIg&s=10
Dhaanish Ahmed Institute of Technology,https://encrypted-tbn0.gstatic.com/images?q=tbn:ANd9GcQYQubXtcr7EvmHQNptCt1OX6zx6iPND7MnqKeMf0j92w&s=10
Dhanalakshmi Srinivasan College of Engineering,https://encrypted-tbn0.gstatic.com/images?q=tbn:ANd9GcSvHbeUrRtxFUGqDMCCn3ooMwhaPFh-pmTouGhunwOJMQ&s
"Dhanalakshmi Srinivasan College of Engg. and Technology, Kanchipuram",https://encrypted-tbn0.gstatic.com/images?q=tbn:ANd9GcQ4koyqSw-cvZl1B7-Djx75GvVvLX3c9-2rtU1yrXqQuw&s=10
Dilkap Research Institute Of Engineering and Management Studies,https://encrypted-tbn0.gstatic.com/images?q=tbn:ANd9GcTAQaFeihy_h0Vo-dYwsQVzSfF6qaOOCMj44yPJripeFA&s=10
DIT Universty,https://encrypted-tbn0.gstatic.com/images?q=tbn:ANd9GcRFaRPYF2PfIarahHPVv8MN0pjrZD6isOCjwm-vsfd4ng&s=10
DJ Sanghvi,https://encrypted-tbn0.gstatic.com/images?q=tbn:ANd9GcQGh-F4GZbYLgjgrBu1ToUO_vWnaCOfvmDZQze_sDuQ2Q&s=10
Dominican University,https://encrypted-tbn0.gstatic.com/images?q=tbn:ANd9GcTvR6IKOQOIb2PJ99wxoIKhY06DRXYFvDD_hJsdSxJa98482H9JXKzsy4YR&s=10
Dr K N Modi University,https://encrypted-tbn0.gstatic.com/images?q=tbn:ANd9GcQV6k5ss6pi6ERqEreJXKd_WbDMwqWCK4nC2S_cM1WPog&s
Dr Mahalingam College of Engineering and Technology,https://encrypted-tbn0.gstatic.com/images?q=tbn:ANd9GcSGDCtTT-mwrp0lFigluE46jsqny0-sn5-WzL8ngEAA3w&s=10
Dr N.G.P. Institute of Technology,https://media.licdn.com/dms/image/v2/D560BAQEhafI-JSBX-Q/company-logo_200_200/company-logo_200_200/0/1694752850341?e=2147483647&v=beta&t=mXEwZWOws3IJoh62AnQRC2XHiJfoFthW1qXafoJxQXo
"Dr. B R Ambedkar National Institute of Technology, Jalandhar",https://encrypted-tbn0.gstatic.com/images?q=tbn:ANd9GcTPVkO_Kk4poWCY9B4uVySuigPUOtiC5_uKQ85FWfjs9Q&s=10
Dr. B. C. Roy Engineering College,https://encrypted-tbn0.gstatic.com/images?q=tbn:ANd9GcR9CrnK_NcMGH3XA3YfnOZ7UyDBZii2JNQNc1Q5emH5cQ&s=10
Dr. Babasaheb Ambedkar Open University,https://encrypted-tbn0.gstatic.com/images?q=tbn:ANd9GcQ2wcBPTIshHTGf7Sr8NwMESXNQJkMHjH-aVpCiH5J8UA&s=10
"Dr. D. Y. Patil Arts, Commerce & Science College, Pimpri, Pune",https://encrypted-tbn0.gstatic.com/images?q=tbn:ANd9GcR1jRI_xL1rzlAqa3Td2WxCtjmRwFojz-crimV9pSEhYQ&s=10
"Dr. Subhash University, School of Engineering & Technology",https://encrypted-tbn0.gstatic.com/images?q=tbn:ANd9GcRlBWSTubTbrLCOAbpWd-S3ou2_Xv0LJs30cLt3LG39Hg&s=10
Dr. Vishwanath Karad MIT World Peace University,https://img.collegepravesh.com/2017/05/MIT-WPU-Logo.png
Dr.Sudhir Chandra Sur Institute of Technology and Sports Complex,https://encrypted-tbn0.gstatic.com/images?q=tbn:ANd9GcTOMoihW-gvaiRY-KVrBniC8Yh8RhlYSkt0lR4iV5DImQ&s=10
Drexel University,https://encrypted-tbn0.gstatic.com/images?q=tbn:ANd9GcT9s7UunhxgAVbU6sJ0lO5Pk4QyMzmCNy-7mMpGgdRbXg&s=10
DSTI School of Engineering,https://encrypted-tbn0.gstatic.com/images?q=tbn:ANd9GcTCtIkfzG6QGbWhez8PtOO6e4WK6MGSuQEHRLy-cXSJo5WQHHFP_T54-pQ&s=10
Dublin Business School,https://encrypted-tbn0.gstatic.com/images?q=tbn:ANd9GcShGv66-mGG4itRy-MUeDLlxfHeU12zaIlDLGhSkTI0&s
Duke University,https://encrypted-tbn0.gstatic.com/images?q=tbn:ANd9GcT4vrMCO6xaYYps2AEDY6vpH2j2J_7sKXS32UOOKL5BuA&s=10
Durham College,https://encrypted-tbn0.gstatic.com/images?q=tbn:ANd9GcRTwhy2TCG7xJinwfPbXY7RHDmaCMqk34CfinblQeIhMg&s=10
DY Patil University,https://encrypted-tbn0.gstatic.com/images?q=tbn:ANd9GcTmw1XUipso33z-hXs67B1wSkSFve2M_zKLjg&s
Easa College of Engineering and Technology,https://encrypted-tbn0.gstatic.com/images?q=tbn:ANd9GcSnU0vN1N5JjsnAUZ-UXrWpexKLTYX_JsnH8e1HFh6fFA&s=10
East Point College of Engineering & Technology,https://dli6r6oycdqaz.cloudfront.net/college-352/user-888235/7ab883f3b56345c6aca4bbadb37fec2b_20240515_041451_352_888235_Logo5x1.png
East West Institute of Technology,https://api.bangalorestudy.com/college_logo/logo1720251890213.png
Eastern Illinois University,https://encrypted-tbn0.gstatic.com/images?q=tbn:ANd9GcRS4g4bcKxm6VC30LNK1XOy6anRfm5-jiuOLKxP58nbiw&s
Eastern Kentucky University,https://encrypted-tbn0.gstatic.com/images?q=tbn:ANd9GcRgxI31A792ND4AEBgyvuUlCLAfxoMktSH0dkyf72TlffwN8jO9FmxuMvo&s=10
Easwari Engineering College,https://encrypted-tbn0.gstatic.com/images?q=tbn:ANd9GcTvJBtBQj6lPEI9ET-E0B2k55Dj1S9GKmyYWdDOXCVUrQ&s
EC-Council University,https://eccweb.s3.ap-south-1.amazonaws.com/wp-content/uploads/2024/06/26103607/ECCU-new-2048x926.png
ECAM LaSalle,https://upload.wikimedia.org/wikipedia/commons/5/58/ECAM_LaSalle.png
ECE - Engineering School,https://speak2university.com/_next/image?url=https%3A%2F%2Fstrapi.speak2university.com%2Fuploads%2FECE_LOGO_2021_web_510366d061.png&w=256&q=75
Ecole Polytechnique Fédérale de Lausanne,https://encrypted-tbn0.gstatic.com/images?q=tbn:ANd9GcTl_Zs71-6yG6X23YMuOKwXKro5tTgdFrhI5P0C9OzytA&s
Edge Hill University,https://encrypted-tbn0.gstatic.com/images?q=tbn:ANd9GcSt0XHJ3Ykx-76MCbyI58FUmonXWXksiyi0SLqp0Yoe2w&s
Edinburgh Napier University,https://encrypted-tbn0.gstatic.com/images?q=tbn:ANd9GcR1vG5H9c2xYbFSM3VKBgxfwrVYlpC_2YY6LzkB4l6yHad4bIrX1uCNtsw&s=10
Edith Cowan University,https://www.ecu.edu.lk/wp-content/uploads/ECU-LOGO_PRIMARY_CMYK_ECU-LOGO_PRIMARY_CMYK.jpg
Eduvos University,https://upload.wikimedia.org/wikipedia/en/1/10/Eduvos_Logo.png
Edvantage Institute Australia,https://eia.edu.au/wp-content/uploads/2022/03/cropped-EIA-Symbol-Full-colour-512x512-RGB-01.png
EFREI Paris ,https://encrypted-tbn0.gstatic.com/images?q=tbn:ANd9GcS_xA7Yn1ZO4GsnibOcf1ubY3Baj6H499rbkhaLbLTbhQ&s
Eindhoven University of Technology,https://encrypted-tbn0.gstatic.com/images?q=tbn:ANd9GcS_7FBJKM97HwhMSjhL9U0pjiJCNukcUjHpW9SWqsYSBQ&s=10
Ellenki College of Engineering and Technology,"https://www.eduska.com/vendor-details/ellenki-college-of-engineering-and-technology,-hyderabad/MjAzMw=="
Embry-Riddle Aeronautical University,https://encrypted-tbn0.gstatic.com/images?q=tbn:ANd9GcTfNaF88nOmHZ4OeGcm_sDEGhGkpPn9La-AFaGKXeXU_Q&s=10
Emory University,https://encrypted-tbn0.gstatic.com/images?q=tbn:ANd9GcT1im5bhRmddgO3osdfk1E4WUi5NSC78DB4PSvs9MIF9g&s=10
Eötvös Loránd University,https://encrypted-tbn0.gstatic.com/images?q=tbn:ANd9GcQJByR83QL_BBiaLZoWlp2YeZacxb8h5bOBrwinOeUiWQ&s=10
EPITA Paris,https://encrypted-tbn0.gstatic.com/images?q=tbn:ANd9GcR8e4lZ2e0WZ3AcV7tRUEJwUCz8n6wcExlxQH_CLSFukg&s=10
Erasmus University Rotterdam,https://encrypted-tbn0.gstatic.com/images?q=tbn:ANd9GcQYtetlCrvCcwWmIaXt1yQAi38_qn3nMgfdXGnNVwTIQA&s=10
Erode Sengunthar Engineering College,https://encrypted-tbn0.gstatic.com/images?q=tbn:ANd9GcSObw4arLn_FQXI5G9is25k2aWZDUr6paeUKdYWyTiTaA&s=10
ESAIP,https://encrypted-tbn0.gstatic.com/images?q=tbn:ANd9GcQ7ydKkkPPuPKjgKtGevRtARhRC5gBldoEZ90c7fXmVPw&s=10
ESIEA Paris,https://encrypted-tbn0.gstatic.com/images?q=tbn:ANd9GcQT8RFiT_0MpyXlWmOxH8OTB_RGXtU39SuY012rMpaqgQ&s=10
ESIEE Paris - Université Gustave Eiffel,https://encrypted-tbn0.gstatic.com/images?q=tbn:ANd9GcS3TeAP1EKcZDPaFrR_vE_9BLwXbRiwzn97llKJpyfBjA&s=10
ESIIA,https://esiia.fr/wp-content/uploads/2024/01/Logo2-removebg-preview.png
ETH Zurich,https://encrypted-tbn0.gstatic.com/images?q=tbn:ANd9GcRqcESe0tJdbyhsuZIbooDDG-qQI-DRQnPGvxjJDBaN9ut18agYYP1VBQ0&s=10
Fachhochschule Nordwestschweiz,https://encrypted-tbn0.gstatic.com/images?q=tbn:ANd9GcQH9HWCWTGuqxofxa0nb3JOenrKzRbeUe5mttRtOLAwug&s=10
Faculdade de Informática e Administração Paulista,https://encrypted-tbn0.gstatic.com/images?q=tbn:ANd9GcQ8zd6ebLy6-byoFhEzwaJo74mlSXbYgsDnlk34645jKw&s=10
Faculty of Engineering & Technology,https://encrypted-tbn0.gstatic.com/images?q=tbn:ANd9GcQU1p6Sc9tgwNHKzCSC0gvH1wiFvaRBpVvmIob7wrgLLg&s
FAIR Institute,https://encrypted-tbn0.gstatic.com/images?q=tbn:ANd9GcQtuEZtIGOW7J_QExC3VK2zt6THNQG5L7pQdzNXJabA5Q&s=10
Fairfield University,https://i.vimeocdn.com/video/1370802256-970b5fcda29c9d6cf753ac95884ec737112fb99e74cc7998289e7792d1a869b6-d?f=webp
Fanshawe College,https://encrypted-tbn0.gstatic.com/images?q=tbn:ANd9GcQmJnETpMPa90ZADKEzRgN4IkCRkspSQoQ9x7X008PQWw&s=10
Fatima Michael College of Engg. and Tech.,https://dfhe5ze0n4pxu.cloudfront.net/College/Logos/Logo-1720449066328.jfif
Federation University Australia,https://encrypted-tbn0.gstatic.com/images?q=tbn:ANd9GcTA-znfkZjOyPb0fZKJNCg82rQgnBG_ZQNxMiif6S-zIa87NaW8fAabOw&s
Fiji National University,https://encrypted-tbn0.gstatic.com/images?q=tbn:ANd9GcSyBR_GwkXPpJUerGHK5rXOgZeiYXlDbI13a-W47v8nPQ&s=10
Flinders University,https://www.flinders.edu.au/brand/_jcr_content/content/section_1809836355_c_648362969/par_0/section_copy/par_0/image_general.coreimg.gif/1657781862942/shield-grids-v03.gif
Florida International University,https://upload.wikimedia.org/wikipedia/commons/thumb/1/1f/Florida_International_University_FIU_logo.svg/3840px-Florida_International_University_FIU_logo.svg.png
Florida Polytechnic University,https://encrypted-tbn0.gstatic.com/images?q=tbn:ANd9GcTeXsKBw8U23EmTVSyuTxRysqHM4DIpTiD5II7WOIgC_w&s=10
Florida State University,https://encrypted-tbn0.gstatic.com/images?q=tbn:ANd9GcR-51X4QSHDlTdQVK6iZjO32Jf1eGHLwoFhkA62Yls8nw&s=10
Fordham University,https://encrypted-tbn0.gstatic.com/images?q=tbn:ANd9GcTWja4PKOegtCFuJpcSf4jBMQRzVghgRosufkmbFl2Tow&s=10
Fort Hays State University,https://encrypted-tbn0.gstatic.com/images?q=tbn:ANd9GcSq5GoI8NvYZYvjpYjb8kXSRqFef9ReCJBzo6rDT1P8Ww&s=10
Furtwangen University of Applied Sciences,https://encrypted-tbn0.gstatic.com/images?q=tbn:ANd9GcSnUWHJJ5K27zjqvu485uJu0QNzEOFrMO7IffNf8Goz2PoCQB2rlgqVsy0W&s=10
Future Institute of Technology,https://encrypted-tbn0.gstatic.com/images?q=tbn:ANd9GcTxgJgVyNZJSQstc7Ci_ivRuMpkr49PXO4dqyUNrQ2CCpdqLuuQAegUOKhw&s=10
GKM College of Engineering and Technology,https://encrypted-tbn0.gstatic.com/images?q=tbn:ANd9GcQidpC7HWPxh_xfsZVCmVKmfwpHqPrr53zFx1pkq0-4hA&s=10
G.H. Raisoni College of Engineering Nagpur,https://www.vidyavista.com/assets/user_logo/96f6a1d1879a02f1c9c30f0e276f9c30.png
G.H. Raisoni College of Engineering and Management Pune,https://rgicdn.s3.ap-south-1.amazonaws.com/ghrcempune/images/new-theme/logo.png
Galgotias University,https://encrypted-tbn0.gstatic.com/images?q=tbn:ANd9GcRO-ZFeii5fMomNrFBrMhX-h6AJPrhsAjszCHZ89EXIew&s=10
Gandhinagar University,https://encrypted-tbn0.gstatic.com/images?q=tbn:ANd9GcS1kWcLEBw8d4GKvE3iOoZaYpX3khUbCxoqZg&s
Ganga Institute of Technology and Management,https://content.jdmagicbox.com/v2/comp/delhi/u3/011pxx11.xx11.120204154345.l3u3/catalogue/ganga-group-of-institutions-punjabi-bagh-delhi-engineering-institutes-62jqpg23mg.jpg
Ganpat University,https://encrypted-tbn0.gstatic.com/images?q=tbn:ANd9GcQLSbI3VvRynUnw4sgcEt6HiuEhnSAtsVGDB0vNf6LsCA&s=10
Garden City University,https://image-upload.getmycollege.com/new-uploads/college/logo/garden-city-university-school-of-engineering-logo-573.png
Gautam Buddha University,https://encrypted-tbn0.gstatic.com/images?q=tbn:ANd9GcTNI_0OZznP3KOpkPf5pz2dq5OwcyqG-yNZBb88ELQlFAtLN8u0l-MmJiI&s=10
Gaya College of Engineering,https://encrypted-tbn0.gstatic.com/images?q=tbn:ANd9GcTXElVhU2Wn6g2dy2bIcTGqHzxnmmoKpolMbJLEXuHFbj4xt1uyzgZkg4vx&s=10
"Gayatri Vidya Parishad College of Engineering, Visakhapatnam",https://www.gvpce.ac.in/gvp/images/logo.jpg
GD Goenka University,https://yt3.googleusercontent.com/JJ_JbAOcW-VE2EqmQPKJGJy-TAemwkQBlDeHaxe-pzOoqRr4nl7RoWGBt8msX-8NbVRAf0WV-rE=s900-c-k-c0x00ffffff-no-rj\
Geeta University,https://encrypted-tbn0.gstatic.com/images?q=tbn:ANd9GcQVs6eoRALeEmmqQA-EpysIcxVJ9noHvd-lt7NxCImSKMIWj7qeNri7fz_3&s=10
George Mason University,https://encrypted-tbn0.gstatic.com/images?q=tbn:ANd9GcQNvWbSb9WIk8uQSgmiB4-4J_hWmIdYJRx7XaHlPoT6pw&s=10
George Washington University,https://encrypted-tbn0.gstatic.com/images?q=tbn:ANd9GcT9XGR36XnO7dYg2GXoEeVhCRSq9qij9krVlQyNyjvIhQ&s=10
Georgetown University,https://encrypted-tbn0.gstatic.com/images?q=tbn:ANd9GcQFRjZop3AImQCnvtnEOo2MzN70X16BbhLxIUvU69jDSw&s=10
Georgia Institute of Technology,https://encrypted-tbn0.gstatic.com/images?q=tbn:ANd9GcRJLtXpuOgvH2Yd0WTN0_lbmMcyFnFvq6d_WhpXBhp_WQ&s=10
Georgia State University,https://encrypted-tbn0.gstatic.com/images?q=tbn:ANd9GcSrVmiRMMbUacV2Z3QwIsinBuFa7gN4RI1dXRf6b6vLkA&s=10
Girideepam Institute of Advanced Learning,https://encrypted-tbn0.gstatic.com/images?q=tbn:ANd9GcQqXwSG7OBTDwTX-qyN_QVtDHebCsGkkT3LTcr1DIKEVw&s=10
Girjandha Chowdhary University,https://encrypted-tbn0.gstatic.com/images?q=tbn:ANd9GcQSHS0i44E0EYX9lklcYpr4KRqQlKLGRN0Z5SmIiSi63g&s=10
Gisma University,https://encrypted-tbn0.gstatic.com/images?q=tbn:ANd9GcT34OFKhEfOtAJOXsY8b3bitml4Kp310EJDhgx0BYlaZA&s=10
GITAM University,https://encrypted-tbn0.gstatic.com/images?q=tbn:ANd9GcQhbuMPRkJb6a3_tQFOW7TP2eMCQ0JP3Xl5rw&s
GLA University,https://encrypted-tbn0.gstatic.com/images?q=tbn:ANd9GcRPEh9H4cOcGb5J5GGlf8iyQhd3mo8lWgw0e52rFeQcZQ&s=10
Glasgow Caledonian University,https://encrypted-tbn0.gstatic.com/images?q=tbn:ANd9GcRThwRNZ4tnAhZtIWxB7OB6hr7As6VfD7mD3bfKC1wQfw&s=10
GM University,https://encrypted-tbn0.gstatic.com/images?q=tbn:ANd9GcRlP34noCxB4aZavNOrXPoykBm_QroGcO5LM8CUY-HGUp8pMEDAEl3SDpY&s=10
GNA University,https://encrypted-tbn0.gstatic.com/images?q=tbn:ANd9GcR362p-6ATZCNzxfFojQ2k9cVFVjyQqrMZwF2bn_3L_PA&s=10
Goethe University of Frankfurt am Main,https://encrypted-tbn0.gstatic.com/images?q=tbn:ANd9GcSNwkbF4x4QhfleM8jOyPeyzoW_sgaMxO46Z0ZjoQGffw&s
"Gojan School of Business and Technology, Thiruvallur",https://gojaneducation.tech/gsbt-logo.png
"Goldsmiths, University of London",https://encrypted-tbn0.gstatic.com/images?q=tbn:ANd9GcR4wyiZYdLI7a9aSoEHEEkZZvk9DbWufwK-mb33PsDN-w&s
Government College of Engineering Bargur,https://encrypted-tbn0.gstatic.com/images?q=tbn:ANd9GcQBPdCGgD1zOTJNhwTtksMfOswGhFj9VAR1CReNAoKh_A&s=10
"Government Engineering College, Wayanad",https://encrypted-tbn0.gstatic.com/images?q=tbn:ANd9GcRaBG1NpMPuOAxuUi2ntSQ0ENd6gFdRj93ZLsk52xnSVQqy1CDfRZqUG1Yz&s=10
Government Institute of Forensic Science,"https://assets.zyrosite.com/cdn-cgi/image/format=auto,w=1440,h=756,fit=crop,f=jpeg/YrD4LZ5JPbhWQ19A/logo_png-mePJEjx12xiox5wL.png"
"Government Polytechnic, Kudligi",https://encrypted-tbn0.gstatic.com/images?q=tbn:ANd9GcS02rmZrbNb3I5KoCOmJbTyvTcBYFNN1J0uOnkuy7gkWCGb4fVXyI49iqbZ&s=10
"Government Polytechnic, Ghaziabad",https://encrypted-tbn0.gstatic.com/images?q=tbn:ANd9GcTeyocLhu7W8-tdHHEBuq6ZdUkMjPUQj5eo_KcPczIkpg&s
Governors State University,https://encrypted-tbn0.gstatic.com/images?q=tbn:ANd9GcSsWSTUpDinbarauod_PNpUU6D-8YZG8NHsdIC3tN0Xdw&s
Government Engineering College West Champaran,https://encrypted-tbn0.gstatic.com/images?q=tbn:ANd9GcRaCfmF1wORD3zMWIvmx7RhJfrn1g8L1-7nuwddqFBMwA&s=10
"Govt. Polytechnic College, Mandore",https://hte.rajasthan.gov.in/Website/GOVERNMENTPOLYTECHNICCOLLEGEMANDORE/LOGO/111f1475-4bae-4d1a-bf29-3fb85c6fed82.jpeg
Graphic Era Hill University Haldwani Campus,https://encrypted-tbn0.gstatic.com/images?q=tbn:ANd9GcTZXBxlPo8HRbZPAz4LcNqMTTvugdRuT64KcUO_WcZGlg&s=10
Graphic Era University,https://assets.allegiance-educare.com/colleges/thumb/250_250_14728158921.png
Graz University of Technology,https://encrypted-tbn0.gstatic.com/images?q=tbn:ANd9GcQQbKbkkjSgc8tUyCLToquvTMrm_K9X1fkSVxJTVYMfkg&s=10
Griffith University,https://encrypted-tbn0.gstatic.com/images?q=tbn:ANd9GcT44jkBG6UgAf0RsJI_V1Wv1rNLcoWzp_DeWIduAV0jmw&s
Guilford College,https://upload.wikimedia.org/wikipedia/commons/f/fa/Guilford_college_logo.png
Gujarat University,https://encrypted-tbn0.gstatic.com/images?q=tbn:ANd9GcTRu5soiUSWzxiOdrLfNgyw--wX6-2Gh38XTax8Hsamyw&s=10
Guru Ghasidas Vishwavidyalaya,https://encrypted-tbn0.gstatic.com/images?q=tbn:ANd9GcTyg6qL-KEaa6XM7FOpJc7qw4mnQBpHBHNR68PgZJ55EQ&s=10
Guru Gobind Singh Indraprastha University,https://encrypted-tbn0.gstatic.com/images?q=tbn:ANd9GcQfjEYMtfqpPGj03NXqp-2xvjXfTOA2avV2d871Jr7oLg&s=10
Guru Jambeshwar University of Science and Technology,https://encrypted-tbn0.gstatic.com/images?q=tbn:ANd9GcRwxubulrJivbiStC60iXoNhWy_jteNmrycx3BGWJwCIw&s=10
Guru Nanak Dev University,https://encrypted-tbn0.gstatic.com/images?q=tbn:ANd9GcSyY2U0gb4RDKbFBknO3PjtegY9it51GoQBBK2enNwfuQ&s=10
Guru Nanak Institute of Technology,https://encrypted-tbn0.gstatic.com/images?q=tbn:ANd9GcR0gvjUlWPsvyOLiTelLmw2VRDX46im5NM5sflpvTwTzBeq_N2V7wf72no&s=10
"Gurunanak Dev Engineering College, Bidar",https://encrypted-tbn0.gstatic.com/images?q=tbn:ANd9GcQR886MTkZXdEBb23SDJhJ8zk0CrIdrL5j8Q0toHy3YTA&s=10
Gyanmanjari Innovative University,https://encrypted-tbn0.gstatic.com/images?q=tbn:ANd9GcRKvhtnXUQhElAqMVwszSEuKJKYO6iu_L1eYA&s
Haldia Institute of Technology,https://encrypted-tbn0.gstatic.com/images?q=tbn:ANd9GcQ9hMxQjjE5t1fTplCebgvmVAWuCQ7US_18TroGT4_WVg&s=10
Haridwar University,https://encrypted-tbn0.gstatic.com/images?q=tbn:ANd9GcRET4T4-iBXihwvzdPrmiEWD1kIvSVV_-5opi7dj6Bb8g&s=10
Harvard University,https://encrypted-tbn0.gstatic.com/images?q=tbn:ANd9GcSbcBanONCiYgFbAjE0lLAj3fUDvIjCI65ZW_ABin13fA&s=10
Heriot-Watt University,https://www.hw.ac.uk/image-library/hwu-global-logo.xad4d4107.jpg?format=webp&quality=80
Heritage Institute of Technology,https://studyriserr.com/images/logo/17048037861653050406Screenshot20220520180944.png
Hindi Vidya Prachar Samiti's College of Law,https://i0.wp.com/lawbhoomi.com/law-college-search/wp-content/uploads/2022/10/Hindi-Vidya-Prachar-Samitis-College-of-Law-Ghatkopar-West-Mumbai.jpg?fit=250%2C250&ssl=1
Hindusthan College of Engineering and Technology,https://encrypted-tbn0.gstatic.com/images?q=tbn:ANd9GcRC3Wx4F7qpyhBQbEDd-XPjo-PBAwU3Ak-i_4GS6w474A&s=10
Hochschule Albstadt-Sigmaringen,https://encrypted-tbn0.gstatic.com/images?q=tbn:ANd9GcSw64b8gQRczKElPUKcVr35pb6EjKfx0sB69EPdpkJS&s=10
Hochschule für angewandtes Management,https://encrypted-tbn0.gstatic.com/images?q=tbn:ANd9GcTl7hHkGKIWsfMzMRWzHAm5Tdz4COBQ3--vwCZ1TkPVKA&s=10
"Hochschule für Technik, Wirtschaft und Medien Offenburg",https://encrypted-tbn0.gstatic.com/images?q=tbn:ANd9GcTE0X_BiKkv1hiep2Fcgwd8YyMaZRlTZFxSSzrnFg33OA&s
Holmesglen Institute,https://encrypted-tbn0.gstatic.com/images?q=tbn:ANd9GcSwOFfp1dKBZladCdKQ3KovFvaA0993n0d7HdpqJkqv&s
Holy Angel University,https://upload.wikimedia.org/wikipedia/en/e/e6/Seal_of_Holy_Angel_University.png
Finolex Academy of Management and Technology,https://cdn-prod.mybharats.in/organization/logo_a101517a-acd8-4c49-a14d-f88810384168.png
ICFAI University Jaipur,https://encrypted-tbn0.gstatic.com/images?q=tbn:ANd9GcTPMENsmezipg_x59GfkxTDvyL_I7Tb9WyWzdl9qmCCSNLCFE-0mC2Z01o&s=10
ICFAI University Jharkhand,https://encrypted-tbn0.gstatic.com/images?q=tbn:ANd9GcTq_eN-v7IcryAJ5YDyRqj-V6t5sOHURpQWZYjIba60M__rVJdtzf05LV8q&s=10
IE University,https://encrypted-tbn0.gstatic.com/images?q=tbn:ANd9GcT76KxHB92WGb8BqUyKbbW9Ga-DKy3LUMB7MoP_uAry1A&s
IESEG School of Management,https://encrypted-tbn0.gstatic.com/images?q=tbn:ANd9GcSKpbXIuWvlbUNVpMqdNP_lRh8Mj83oIP9mNdnUJJ58XA&s=10
IFET College of Engineering,https://dfhe5ze0n4pxu.cloudfront.net/College/Logos/Logo-1720523596262.jfif
IIIT Bangalore,https://encrypted-tbn0.gstatic.com/images?q=tbn:ANd9GcRSupoCaygvgmyfi0fbOoaWBiC5p0z3skprVeb9wqlEIw&s=10
IIIT Kota,https://cdn.iiitkota.ac.in/site/iiitkota.png
IILM University,https://www.dialeducation.com/assets/images/college/logo_1609334560.png
IILM University Greater Noida,https://www.dialeducation.com/assets/images/college/logo_1609334560.png
IILM University Gurugram,https://www.dialeducation.com/assets/images/college/logo_1609334560.png
IIMT University Meerut,https://iimtu.edu.in/images/logo-light-bg.webp
IISc Bangalore,https://upload.wikimedia.org/wikipedia/en/3/3b/Indian_Institute_of_Science_2019_logo.svg
"Ilahia College of Engineering and Technology, Ernakulam",https://encrypted-tbn0.gstatic.com/images?q=tbn:ANd9GcQUtVJUb0DGM8og8oZnZwhBxvnLt40ES-Y_o1RcAwzrQQ&s=10
Illinois Tech,https://www.iit.edu/sites/default/files/2025-04/ILTECH_red_stacked.jpg
Immanuel Arasar JJ College of Engineering,https://encrypted-tbn0.gstatic.com/images?q=tbn:ANd9GcQNLrY9TtfHK8vL0JTYdaqaGtmw9GfBHYf96iAwLZQMeQ&s=10
"Impact College of Engineering & Applied Sciences, Bangalore",https://encrypted-tbn0.gstatic.com/images?q=tbn:ANd9GcQRsPpWgcflLJY4IQmWEr-W9hNGnuiAlakqJChkelCc&s=10
Imperial College London,https://encrypted-tbn0.gstatic.com/images?q=tbn:ANd9GcRYDIWlmkW8qPYfuNn6tcuaPd9kwEw3PfqITD1ngT-XsA&s=10
Indian Academy of Cyber Law and management,https://encrypted-tbn0.gstatic.com/images?q=tbn:ANd9GcT-AtZa3I9F3eYLu0dsIuB3TwKdX2g0DQrl4yWqTepuYw&s=10
IIIT Allahbad,https://upload.wikimedia.org/wikipedia/en/2/2e/Indian_Institute_of_Information_Technology%2C_Allahabad_Logo.png
IIIT Bhopal,https://encrypted-tbn0.gstatic.com/images?q=tbn:ANd9GcT1EJ84P_6kmpAX6Q5KEaSBEN3lo5frVXbUhwiqGYsDmA&s=10
IIIT Kottayam,https://encrypted-tbn0.gstatic.com/images?q=tbn:ANd9GcT3AHXQ_tOCMaZHRL9zcraULBURsNP6rezXef7GJf0V7w&s=10
"IIIT Senapati, Manipur",https://encrypted-tbn0.gstatic.com/images?q=tbn:ANd9GcTlQhsKARlwj9ax_ANAQcd-wZzpE95rvWEG7xCBqYyK&s=10
IIIT Sri,https://encrypted-tbn0.gstatic.com/images?q=tbn:ANd9GcSBwUpxaA8IvlGdVi312VMpM_o_ywsqvf4UJekBYGjmCQ&s=10
IIIT Tiruchirappalli,https://encrypted-tbn0.gstatic.com/images?q=tbn:ANd9GcQoO8phxaay8h52ebNa_UZhl1gFHgXkqcNR0Ndv-h5KXg&s=10
IIIT Vadodara,https://encrypted-tbn0.gstatic.com/images?q=tbn:ANd9GcRnUMk6_4rbLDNueN0Y-YDdjbR85-GXD6nOYVi6tfHOXw&s=10
"IIIT, Design and Manufacturing, Kurnool",https://encrypted-tbn0.gstatic.com/images?q=tbn:ANd9GcQeuS9JSSbOcTJol3C--5syMD4ksU6lm2PrCuaoLxhcsA&s=10
"IIIT, Una",https://encrypted-tbn0.gstatic.com/images?q=tbn:ANd9GcTBtLjR7Zgs1STv-Xu4CcQeP9PYscCvsKCmAByr8MXV6A&s=10
"IIIT, Surat",https://upload.wikimedia.org/wikipedia/en/5/52/IIIT_Surat_logo.jpg
Indian Institute of Management Indore,https://encrypted-tbn0.gstatic.com/images?q=tbn:ANd9GcQWT9A8W8u0kYUyjKCEkzyQR-Pjq8a76yfTxDd3WwFS1Q&s=10
Indian Institute of Technology Bhilai,https://upload.wikimedia.org/wikipedia/en/2/27/IIT_Bhilai_Logo.svg
Indian Institute of Technology Bombay,https://upload.wikimedia.org/wikipedia/en/thumb/1/1d/Indian_Institute_of_Technology_Bombay_Logo.svg/1280px-Indian_Institute_of_Technology_Bombay_Logo.svg.png
Indian Institute of Technology Delhi,https://upload.wikimedia.org/wikipedia/en/f/fd/Indian_Institute_of_Technology_Delhi_Logo.svg
Indian Institute of Technology Guwahati,https://upload.wikimedia.org/wikipedia/en/thumb/1/12/IIT_Guwahati_Logo.svg/1280px-IIT_Guwahati_Logo.svg.png
Indian Institute of Technology Hyderabad,https://upload.wikimedia.org/wikipedia/en/1/19/IIT_Hyderabad_Insignia.svg
Indian Institute of Technology Indore,https://upload.wikimedia.org/wikipedia/en/thumb/1/14/IITI_Logo.svg/1280px-IITI_Logo.svg.png
Indian Institute of Technology Jammu,https://upload.wikimedia.org/wikipedia/en/5/58/Indian_Institute_of_Technology%2C_Jammu_Logo.svg
Indian Institute of Technology Jodhpur,https://encrypted-tbn0.gstatic.com/images?q=tbn:ANd9GcTaskFbeY7Z9KBBFXevXTt1bz845URXFqVGHJk03En6MIo9H96apdk137_r&s=10
Indian Institute of Technology Kanpur,https://upload.wikimedia.org/wikipedia/sa/4/47/IIT_Kanpur_Logo.png
Indian Institute of Technology Kharagpur,https://images.seeklogo.com/logo-png/40/1/iit-kharagpur-logo-png_seeklogo-403971.png
Indian Institute of Technology Madras,https://encrypted-tbn0.gstatic.com/images?q=tbn:ANd9GcQ-OvPSPibOdritHTBYLln9B9noSqtqYch73r0r7Ie28g&s
Indian Institute of Technology Palakkad,https://upload.wikimedia.org/wikipedia/commons/c/c8/IIT_Palakkad_Logo.svg
Indian Institute of Technology Patna,https://www.iitp.ac.in/images/iitp-logo.png
Indian Institute of Technology Roorkee,https://encrypted-tbn0.gstatic.com/images?q=tbn:ANd9GcSnq4_sfiycBqaNNz26CgpYMv-IEo7YJwqiWgpoUnKCWhL3pLtfCBHl6sI&s=10
Indian Institute of Technology Ropar,https://encrypted-tbn0.gstatic.com/images?q=tbn:ANd9GcTlXFu21I0IkU8VlL-t_fdpzbF2naWKRmapaFxRRcQ00g&s
Indian Law Institute,https://encrypted-tbn0.gstatic.com/images?q=tbn:ANd9GcRLAx7McUb0cidt33IhHvRyjQ7gizEpUsF2SxYJMDovDg&s
Indian School of Business,https://th-i.thgim.com/public/news/cities/Hyderabad/t4ci3y/article68883286.ece/alternates/LANDSCAPE_1200/ISB%20logo.jpg
Indiana University Bloomington,https://www.animationcareerreview.com/files/images/articles/iub700.png
Indira University,https://encrypted-tbn0.gstatic.com/images?q=tbn:ANd9GcTYT-6OrPju4qeoN3GEI8x14WF8ZNaSD-Yp8j2wZywHhHzj1_SU1xY-NYw&s=10
Indira Gandhi National Open University,https://upload.wikimedia.org/wikipedia/en/c/c1/IGNOU_logo.svg
Indraprastha Institute of Information Technology Delhi,https://encrypted-tbn0.gstatic.com/images?q=tbn:ANd9GcSBPsUyDl8DjWlbrtj4KjfGZcYTSe6reHC5k-9f2f8Yr6ybJEHcYvb088Iu&s=10
Indrashil University,https://upload.wikimedia.org/wikipedia/en/2/26/Indrashil_University_logo.png
Indus University,https://encrypted-tbn0.gstatic.com/images?q=tbn:ANd9GcSYo2GyercQsxHDIrx51KI58VKaGR5MAXusWg&s
Institut Polytechnique de Paris,https://encrypted-tbn0.gstatic.com/images?q=tbn:ANd9GcQX2i9ssyBm_8y7zRzh4x-0FqALOwDAQJeZnmlTEqgTwQ&s
Institute of Advanced Research,https://upload.wikimedia.org/wikipedia/en/7/7d/Institute_of_Advanced_Research_logo.png
Institute of Forensic Science,https://ifsm.ac.in/assets/img/institute-logo-fallback.png
International College of Management,https://encrypted-tbn0.gstatic.com/images?q=tbn:ANd9GcQd_W62vDnirfZxR5a__lyha9e4P1iQK-6TGw9W-MO4U8Xh2NeYOa1Oz4nH&s=10
International Forensics Science Institute,https://encrypted-tbn0.gstatic.com/images?q=tbn:ANd9GcR6F0r5LGZ4iEOGLZ9Eh7Ee5i6ytkO-7NNIHsiz3Y7_3uafelfXHzhKkgEm&s=10
International Institute of Business Studies Banglore,https://encrypted-tbn0.gstatic.com/images?q=tbn:ANd9GcRAbv7PsivNu0U4HW5x6WNUqH0Aw1hDH7CEA4uXoD5lWD-bsAfrUej7jBQo&s=10
IIIT Hyderabad,https://www.iiit.ac.in/wp-content/uploads/2022/06/IIIT_Hyderabad_Logo-e1655116937986.jpg
Invertis University,https://encrypted-tbn0.gstatic.com/images?q=tbn:ANd9GcQjQqMG9nZ9oCrTGqjVGwqbUHMlsaZPPU6P3sGTFHsk9ejPvOtQx_EjFSku&s=10
Iowa State University,https://encrypted-tbn0.gstatic.com/images?q=tbn:ANd9GcQDsMLBw_0nGZWfKa1971z3fr-5vBU7_Vj1vYmKvO5zIg&s=10
IPSSI ,https://upload.wikimedia.org/wikipedia/commons/4/40/2025-logo-IPSSI.png
ISEN Méditerranée,https://encrypted-tbn0.gstatic.com/images?q=tbn:ANd9GcTv6REPqrLFCk0FUmskHSAQ5A9Rfnx2PDYzS812rdhW_A&s=10
ISEN West Brest,https://encrypted-tbn0.gstatic.com/images?q=tbn:ANd9GcR99th_Jxc6fUl3qb2AXmXapEjffa0884dFL0mrdhdVVA&s=10
ISEN West Caen,https://encrypted-tbn0.gstatic.com/images?q=tbn:ANd9GcR99th_Jxc6fUl3qb2AXmXapEjffa0884dFL0mrdhdVVA&s=10
ISEN West Nantes,https://encrypted-tbn0.gstatic.com/images?q=tbn:ANd9GcR99th_Jxc6fUl3qb2AXmXapEjffa0884dFL0mrdhdVVA&s=10
ISEP - Paris Institute of Digital Technology,https://encrypted-tbn0.gstatic.com/images?q=tbn:ANd9GcT9HUt59EtYB8mhDCobrLORs8QBX9vZ8gtqDENi2yDvlhKiKYgICivMBZQ&s=10
ITM SLS Baroda University,https://encrypted-tbn0.gstatic.com/images?q=tbn:ANd9GcRMUZ6Ro1O7RnvSpJ4xulD8FePMXLejQMqYTDHTdYQo9Q&s=10
ITM University Gwailor,https://encrypted-tbn0.gstatic.com/images?q=tbn:ANd9GcQiw1c6Ub5rs4xl1sUzdP4I8jezlcAn9fiTC4axR6OgTvVzN_nZlk-W3Co&s=10
"ITM Vocational University, Waghodia,Vadodara",https://encrypted-tbn0.gstatic.com/images?q=tbn:ANd9GcSxc2uPPw4rcJh62M_dKADA4bAuWzO7cibns5yEYCbDS8vjdfmrW9-HjcUg&s=10
ITMO University,https://upload.wikimedia.org/wikipedia/commons/thumb/0/0e/ITMO_University.png/960px-ITMO_University.png?_=20150703133336
J.J. College of Engineering,https://jjcet.ac.in/wp-content/uploads/2020/02/JJCET-logo.png
Jagannath University,https://www.jagannathuniversity.org/assets/images/logo-white-bg.webp
Jagat Guru Nanak Dev Punjab State Open University,https://www.psou.ac.in/asset/images/logo_beta.png
Jai Bharath Arts and Science College,https://encrypted-tbn0.gstatic.com/images?q=tbn:ANd9GcR6Reh_v4IfUIETA6N9PCtIEHAiUXtUATtemA&s
Jain University,https://encrypted-tbn0.gstatic.com/images?q=tbn:ANd9GcRsrouLruZWZiJrTLnrTufgOrwpGnJYXq3WBA&s
Jaipur National University,https://timesofcollege.com/images/colleges/banner/logo_jaipur-national-university_20260131.jpg
James Cook University,https://encrypted-tbn0.gstatic.com/images?q=tbn:ANd9GcTlt3fGH9Oe8femFI-2fxRr5jlDWv3RcAc4TA&s
Jamia Hamdard,https://encrypted-tbn0.gstatic.com/images?q=tbn:ANd9GcT8pdjRvF_4E2wnoXVAEgU-OiLFHzqTvk3z8Q&s
Annasaheb Chudaman Patil College of Engineering,https://admission.acpipedu.org/wp-content/uploads/2025/05/New-Logo.png
Jawaharlal Institute of Technology,https://images.shiksha.com/mediadata/images/1586430947php3yILwD.jpeg
Jawaharlal Nehru Technological University Hyderabad,https://upload.wikimedia.org/wikipedia/en/e/ea/JNTU_Hyderabad_logo.png
Jaya Sakthi Engineering College,https://encrypted-tbn0.gstatic.com/images?q=tbn:ANd9GcS8SCJJt0pH17vYhuLk8GnfPpd_Vf7s4_MLNrNgqk0SGA&s=10
Jaypee Institute of Information Technology,https://encrypted-tbn0.gstatic.com/images?q=tbn:ANd9GcTOFci1bLn-jnHuNT1y6_WSyYNOKD8cXaCFLgMAXUChMA&s=10
JECRC University,https://upload.wikimedia.org/wikipedia/en/6/60/Jecrc-University.png
Jeppiaar University,https://encrypted-tbn0.gstatic.com/images?q=tbn:ANd9GcSa-kZBNSnGM2suXWY3IqzBrIOImT7Tpe042g&s
"Jerusalem College of Engineering , Pallikkaranai",https://custpostimages.s3.ap-south-1.amazonaws.com/11081/1653291142828.png
JG University,https://encrypted-tbn0.gstatic.com/images?q=tbn:ANd9GcRbDROYEiNyjAJ3YGX7b6lt4ATN3BA9jiV56g&s
Jharkhand Rai University,https://f2.leadsquaredcdn.com/t/t20220504174814/content/common/images/logo_symbol.png
JIET Jodhpur,https://images.squarespace-cdn.com/content/v1/5fce63270356d927d7eecdbd/05cc8293-1285-4f97-a7c3-c4646d735f0b/JIET+Universe+Logo.png?format=1500w
Jitendra Chauhan College of Law,https://jccl.ac.in/Common/Uploads/HomeTemplate/Home_Home_JCCL-logo.png
JK Lakshmipat University,https://www.mashauri.org/wp-content/uploads/2024/09/JK_Lakshmipat_University_Logo.jpg
JNN Institute of Engineering,https://www.jnn.edu.in/wp-content/uploads/2025/04/JNNIE-Autonomous-Logo-1.svg
John Hopkins University,https://encrypted-tbn0.gstatic.com/images?q=tbn:ANd9GcSbiqnlJSMaspARRZgdPh3hA_nx_ru50WSEVnGQ2gvSxfWSv_AesFpd_Us&s=10
JSPM University,https://dfhe5ze0n4pxu.cloudfront.net/College/Logos/Logo-1717176476775.png
"Jyothi Engineering College, Thrissur",https://encrypted-tbn0.gstatic.com/images?q=tbn:ANd9GcQp1RpG16XjaDh41SLU5akwvab9WJB1OdpRyA&s
K.S.R College of Engineering,https://encrypted-tbn0.gstatic.com/images?q=tbn:ANd9GcRUBoMdaAACHdxPxR43TDXtQovF9KUqPvfnMqT_45TKBpOLuMLBxPmSLZc&s=10
K. N. University,https://knu.edu.in/wp-content/uploads/2024/03/logo-1.png
K. S. Institute Of Technology,https://www.ksit.ac.in/img/leftlogo.png
K.L.N. College of Engineering,https://www.klnce.edu/reflechir15/klncelogo.gif
Kalasalingam Academy of Research and Education,https://upload.wikimedia.org/wikipedia/en/5/53/Kalasalingam_Academy_of_Research_and_Education_logo.png
Kalinga Institute of Industrial Technology,https://upload.wikimedia.org/wikipedia/en/e/ef/KIIT_logo.svg
Kangeyam Institute of Technology,https://encrypted-tbn0.gstatic.com/images?q=tbn:ANd9GcQgK4nU2Q-TiyYi6GYkb6XF4ax-zq3Zr0hltA&s
Kannur University,https://upload.wikimedia.org/wikipedia/en/7/75/Kannur_university-logo.png
Kansas State University,https://encrypted-tbn0.gstatic.com/images?q=tbn:ANd9GcRuP2Yglwc5axZo3clKimws_0_AHXifqMOwn2KvYV5spF-A_K056kZgVIc&s=10
Karlsruhe Institute of Technology,https://upload.wikimedia.org/wikipedia/commons/3/3a/Logo_KIT.svg
Karpagam Academy of Higher Education,https://kahedu.edu.in/n/wp-content/uploads/2020/06/New-Project-27-300x292.jpg
Karpagam College of Engineering,https://encrypted-tbn0.gstatic.com/images?q=tbn:ANd9GcQzfvjZuE8-syWacrmpFILs4-xVGQkwmaS8nw&s
Karunya Institute of Technology and Sciences,https://upload.wikimedia.org/wikipedia/en/4/4e/Karunya_Institute_of_Technology_and_Sciences_logo.svg
Kaunas University of Technology,https://upload.wikimedia.org/wikipedia/commons/thumb/4/4a/Kaunas_University_of_Technology_logo.svg/1280px-Kaunas_University_of_Technology_logo.svg.png
Kaushalya the Skill University,https://encrypted-tbn0.gstatic.com/images?q=tbn:ANd9GcRjOVNme4fFUF90Qwe_lx9kjkEgRorq1T1EUA&s
"KCG college of Technology , Karapakkam",https://encrypted-tbn0.gstatic.com/images?q=tbn:ANd9GcRmkHxvjj_G01L4rcRWZJecL4sfcdMuFidN0Q&s
Keele University,https://encrypted-tbn0.gstatic.com/images?q=tbn:ANd9GcTsTjyHQ6WeR3_VF_1QTJQt6aePXdwMufNwNQ&s
Kennesaw State University,https://upload.wikimedia.org/wikipedia/commons/thumb/6/63/Kennesaw_State_Owls_logo.svg/3840px-Kennesaw_State_Owls_logo.svg.png
Kent State University,https://www-s3-live.kent.edu/s3fs-root/s3fs-public/kent-state-university-vertical-logo.jpg
KES’ Shri Jayantilal H. Patel Law College,https://encrypted-tbn0.gstatic.com/images?q=tbn:ANd9GcQHSiBtz-NKLrowsJ7uJL9EmaftgAiMdU8DMA&s
Kharkiv National University of Radio Electronics,https://upload.wikimedia.org/wikipedia/commons/thumb/a/a6/Nure-brand-book-1-1024_cr2.jpg/330px-Nure-brand-book-1-1024_cr2.jpg
Khon Kaen University,https://encrypted-tbn0.gstatic.com/images?q=tbn:ANd9GcTumQU5_uEhxPid0YAQxcR_ONGvvx4SS8fsrw&s
King Fahd University of Petroleum and Minerals,https://upload.wikimedia.org/wikipedia/commons/5/5e/KFUPM.svg
King Khalid University,https://upload.wikimedia.org/wikipedia/en/2/26/King_Khalid_University_Logo.png
King Mongkut's University of Technology Thonburi,https://encrypted-tbn0.gstatic.com/images?q=tbn:ANd9GcTeRFXa-axJ1U6hKgOB2YkwdMfIoC3FCFGI1w&s
King's College London,https://upload.wikimedia.org/wikipedia/commons/thumb/1/14/King%27s_College_London_logo.svg/3840px-King%27s_College_London_logo.svg.png
Kingston University,https://encrypted-tbn0.gstatic.com/images?q=tbn:ANd9GcQpk9Xpg_4l6I2ViGfQLa13qFBSwjyjP8QjDw&s
KIT - Kalaignarkarunanidhi Institute of Technology,https://upload.wikimedia.org/wikipedia/commons/thumb/7/74/KIT-KalaignarKarunanidhi-Institute-of-Technology.svg/3840px-KIT-KalaignarKarunanidhi-Institute-of-Technology.svg.png
KJ Somaiya School of Engineering,https://d2lk14jtvqry1q.cloudfront.net/media/large_KJ_Somaiya_College_of_Engineering_Mumbai_7ff486798c_9b4de395b4.png
KK Modi University,https://encrypted-tbn0.gstatic.com/images?q=tbn:ANd9GcTTuLK91IiqlObTUyBxmWY4qKTbT9NaAtVp7A&s
KL University,https://www.kluniversity.in/images/klulogo3.png
KLE Society's law College,https://encrypted-tbn0.gstatic.com/images?q=tbn:ANd9GcSA-uc7UbY_G18DnOMDIAjbGTtSgBER_W4RmQ&s
KLE Technological University,https://encrypted-tbn0.gstatic.com/images?q=tbn:ANd9GcTlf58PaRMdrid_ZCwlBU7d-p1jGkQ_zWUmTg&s
KMCT Institute of Emerging Technology and Management,https://facultytub.com/wp-content/uploads/2024/05/kmct-og.png
KMM College of Arts & Science,https://encrypted-tbn0.gstatic.com/images?q=tbn:ANd9GcR-htfZo0fZ7rV0lz1e7A_0rHMgfN6wnGPrNg&s
Koç University,https://encrypted-tbn0.gstatic.com/images?q=tbn:ANd9GcT4_XqzhwHh4B68lKrGkWTNMYWArmyykMCNfQ&s
KR Mangalam University,https://www.krmangalam.edu.in/favicon.ico
Kristu Jayanti university,https://www.kristujayanti.edu.in/images/KJU_Flag_Blue.png
Kristu Jyoti College of Management & Technology,https://encrypted-tbn0.gstatic.com/images?q=tbn:ANd9GcTOhrAqMoXy3cHs_rSVufo1gL18CQoFbgOS-g&s
KTH Royal Institute of Technology,https://upload.wikimedia.org/wikipedia/en/e/e0/KTH_Royal_Institute_of_Technology_logo.svg
KU Leuven,https://encrypted-tbn0.gstatic.com/images?q=tbn:ANd9GcSl-g6KpstVI2JUd4BGUOiG27Mp9uvqfQj2Bw&s
Kurukshetra University,https://upload.wikimedia.org/wikipedia/en/1/1d/Kurukshetra_University_logo.png
La Trobe University,https://upload.wikimedia.org/wikipedia/en/thumb/b/be/La_Trobe_University_logo.svg/330px-La_Trobe_University_logo.svg.png?_=20140516072342
Lancaster University,https://upload.wikimedia.org/wikipedia/en/thumb/7/78/Lancaster_University_logo.svg/1280px-Lancaster_University_logo.svg.png?_=20190221011728
"LBS College of Engineering, Muliyar,Kasaragod",https://encrypted-tbn0.gstatic.com/images?q=tbn:ANd9GcQzPYR1vsBYK1Hbvhf77zfgC9mYHoVfLQ99zA&s
Leeds Beckett University,https://upload.wikimedia.org/wikipedia/commons/2/25/COA_Leeds_Beckett.png?_=20260328222814
Leiden University,https://upload.wikimedia.org/wikipedia/commons/thumb/5/5f/Seal_Leiden_University.svg/1920px-Seal_Leiden_University.svg.png?_=20150208113925
Liberty University,https://upload.wikimedia.org/wikipedia/commons/thumb/2/22/Liberty_University_logo.svg/960px-Liberty_University_logo.svg.png?_=20180325193712
Linköping University,https://upload.wikimedia.org/wikipedia/commons/thumb/5/57/Linkoping_University_Logo.svg/960px-Linkoping_University_Logo.svg.png?_=20190904180608
Liverpool John Moores University,https://upload.wikimedia.org/wikipedia/commons/thumb/b/b8/Shield_of_Liverpool_John_Moores_University.svg/960px-Shield_of_Liverpool_John_Moores_University.svg.png?_=20230423220040
Lokmanya Tilak College of Engineering,https://upload.wikimedia.org/wikipedia/commons/b/b0/Logo-ltjss.png?_=20230915205432
London Business School,https://upload.wikimedia.org/wikipedia/commons/b/bc/London_Business_School_logo.svg
London South Bank University,https://upload.wikimedia.org/wikipedia/commons/thumb/8/86/Lsbu-logo.svg/1920px-Lsbu-logo.svg.png?_=20150107023937
Loughborough University,https://upload.wikimedia.org/wikipedia/commons/thumb/f/f7/Shield_of_Loughborough_University.svg/1280px-Shield_of_Loughborough_University.svg.png?_=20201223165057
Louisiana State University,https://upload.wikimedia.org/wikipedia/commons/thumb/6/6a/Louisiana_State_University_%28logo%29.svg/1280px-Louisiana_State_University_%28logo%29.svg.png?_=20160212215832
Lousania State University,https://upload.wikimedia.org/wikipedia/commons/thumb/6/6a/Louisiana_State_University_%28logo%29.svg/1280px-Louisiana_State_University_%28logo%29.svg.png?_=20160212215832
Lovely Professional University,https://upload.wikimedia.org/wikipedia/en/3/3a/Lovely_Professional_University_logo.png?_=20170710053651
Loyalist College,https://upload.wikimedia.org/wikipedia/commons/thumb/3/3c/Loyalist_College_Logo.svg/1920px-Loyalist_College_Logo.svg.png?_=20230222220038
Loyola Institute of Technology,https://encrypted-tbn0.gstatic.com/images?q=tbn:ANd9GcSKrsm5o3V00-5VMjwZ6K2V7B0f7RBk5yXE5tjyRP7PUifxxfdykaKyFD4&s=10
Loyola University Chicago,https://upload.wikimedia.org/wikipedia/en/thumb/6/62/Loyola_University_Chicago_logo.svg/960px-Loyola_University_Chicago_logo.svg.png?_=20171022210048
Ludovika University of Public Service,https://encrypted-tbn0.gstatic.com/images?q=tbn:ANd9GcRwzv5oevAhCSkuup3kEgiwiuqwkeRlKl81GIJIG7PQX4hzDTBNrVCejzY&s=10
"M S Ramaiah Institute of Technology, Bangalore",https://shikshaforum.in/wp-content/uploads/2024/01/RAMAIAH-INSTITUTE-OF-TECHNOLOGY.png
Maastricht University,https://encrypted-tbn0.gstatic.com/images?q=tbn:ANd9GcSrC-7XMCkNdVloX88muOURYxTm-o0g4Jonbg&s
Macquarie University,https://upload.wikimedia.org/wikipedia/commons/3/3c/MacquarieUniversityCoatofArms-updated.png
Madhya Pradesh Bhoj (open) University,https://upload.wikimedia.org/wikipedia/en/b/ba/Bhoj_University_logo.webp
Madras Engineering College,https://www.facultyplus.com/wp-content/uploads/2025/08/College-Logo_blue.png
Maganbhai Adenwala Mahagujarat University,https://encrypted-tbn0.gstatic.com/images?q=tbn:ANd9GcQ5wlATBFKgUjo_GrIaTQedw2VaHgvkMpEftw&s
Mahalakshmi Tech Campus,https://encrypted-tbn0.gstatic.com/images?q=tbn:ANd9GcRFFYMjSM6jI-kK8m2Vjx2tDRMR2Ch01TDTBA&s
Maharaja Institute of Technology Mysore,https://encrypted-tbn0.gstatic.com/images?q=tbn:ANd9GcTwWXbBTo4vR1t_PTRH2M5nDSZqZVDzfoloHQ&s
Maharashtara National Law University,https://mnlumumbai.edu.in/images/nlulogo.png
Maharashtra State Skills University,https://mssu.ac.in/wp-content/uploads/2022/11/MSSU-Logo_home-1-430x330.png
Maharishi Paetanjali Polytechnic Of Infomaetin Tecnology,https://urise.up.gov.in/resources/profile_image/2614_logo.jpeg
Maharishi University of Information Technology,https://upload.wikimedia.org/wikipedia/commons/b/be/Maharishi_University_of_Information_Technology_Logo_Ritesh_Bhanu.png
Mahendra Engineering College,https://mahendra.info/wp-content/uploads/2026/02/mec-logo.png
Mahidol University,https://upload.wikimedia.org/wikipedia/commons/4/45/Mahidol_U.png
Majan University College,https://www.wtu-n.net/wp-content/uploads/2024/06/MUC-2.png
"Malaviya National Institute of Technology, Jaipur",https://mnit.ac.in/Images/Mnit_logo.png
Malla Reddy Vishwavidyaapeeth,https://mrvv.edu.in/wp-content/uploads/2025/01/MRV_Final_Logo-2-150x150.png
Manav Rachna International Institute of Research and Studies,https://cdn-prod.mybharats.in/organization/DL-ns-8ed25331-783b-4df6-b478-61f4c34fef01_ManavRachnaLogo-Copy.png
Manchester Metropolitan University,https://encrypted-tbn0.gstatic.com/images?q=tbn:ANd9GcQQJOKfD-t6BQiTPGPrHVDLJX6hcRghe2Vbr7gfOZ054Q&s
Mangalayatan University Aligarh,https://eduvow.com/images/college/logos/1364_mangalayatan-university-aligarh-logo.jpg
Mangalore Institute of Technology & Engineering,https://encrypted-tbn0.gstatic.com/images?q=tbn:ANd9GcQiFdpNyQqws1BdT9pp8iQAovDy4Ydc72jloA&s
Manipal Academy of Higher Education,https://upload.wikimedia.org/wikipedia/en/f/ff/Manipal_University_logo.png
Manipal University Jaipur,https://upload.wikimedia.org/wikipedia/en/1/1f/Manipal_University_Jaipur_logo.png
Manonmaniam Sundaranar University,https://upload.wikimedia.org/wikipedia/en/0/0e/Manonmaniam_Sundaranar_University_logo.jpeg
Marwadi University,https://indiaeducationdiary.in/wp-content/uploads/2020/05/Logo.jpg
Mata Tripura Sundari Open University,https://www.mtsou.edu.in/images/mtsou-logo.jpg
Maulana Azad National Institute of Technology Bhopal,https://upload.wikimedia.org/wikipedia/en/4/4f/Maulana_Azad_National_Institute_of_Technology_Logo.png
McGill University,https://encrypted-tbn0.gstatic.com/images?q=tbn:ANd9GcQO66Y1CTOVMgSUAw4dqDD12RiGoP9xIChSOw&s
Melbourne Institute of Higher Education,https://mihe.vic.edu.au/_next/image?url=%2Flogo.png&w=1920&q=75&dpl=dpl_J2d3wwkBMavFwMUjBvMSM5wV1fHA
Melbourne Institute of Technology,https://encrypted-tbn0.gstatic.com/images?q=tbn:ANd9GcRSZrVEh41-qcnfo_pxRVeHlpS0mA3wcA-X8Q&s
"MES College of Engineering, Kuttippuram",https://yt3.googleusercontent.com/ytc/AIdro_lzHUWs5hpEZDwYhzrGHYS3oqMR1DaFd7KhnIJlpru_ew=s900-c-k-c0x00ffffff-no-rj
"MGM TECHNOLOGICAL CAMPUS,Valanchery",https://www.aimset.in/images/participating-universities/logo202510154929.jpeg
MGM University,https://encrypted-tbn0.gstatic.com/images?q=tbn:ANd9GcQNkj9pNJYSXwlSWZjfeHuEsHK4Nde8E5Ib1A&s
MH Sabao Sidik College of Engineering ,https://encrypted-tbn0.gstatic.com/images?q=tbn:ANd9GcT_rHIrZCIjL7uQ2TZB9_fSMNJu4BGBf_Px_w&s
Miami University ,https://encrypted-tbn0.gstatic.com/images?q=tbn:ANd9GcS90jVHJviwi9nTH9hw5Ka46ZnkKosxMFujtw&s
Michigan State University,https://encrypted-tbn0.gstatic.com/images?q=tbn:ANd9GcRRIbF6J8zinxqh7a2pXZgYe4LuUmYk379OyA&s
Middle East College ,https://encrypted-tbn0.gstatic.com/images?q=tbn:ANd9GcSse-ukhPQsP0vglzsGoyPN1RpEdY4nZMDTCg&s
Middle East Technical University,https://upload.wikimedia.org/wikipedia/commons/thumb/2/2f/Logo_of_METU.svg/250px-Logo_of_METU.svg.png
Middle Tennessee State University,https://encrypted-tbn0.gstatic.com/images?q=tbn:ANd9GcTdzqtBWPeuEEhUbdeS7JwCJ_M0YpMlg7mIxw&s
Middlesex University,https://encrypted-tbn0.gstatic.com/images?q=tbn:ANd9GcQYxbRfk2ry1KFmsV_TQr-o8DlTdNBlaNOjNQ&s
Mississippi State University,https://encrypted-tbn0.gstatic.com/images?q=tbn:ANd9GcSRH2gpcY7B1yYf4oeGXn3qvFiCJK67K77c3Q&s
MIT,https://encrypted-tbn0.gstatic.com/images?q=tbn:ANd9GcTs2JoLLmjfdYZ2Twavh6nDP0ooCeayukb0Ww&s
MIU City University Miami,https://encrypted-tbn0.gstatic.com/images?q=tbn:ANd9GcQGVRNP_3RKoJ-T876ExkywJPZUjqzX-HVXXQ&s
Mizoram University,https://upload.wikimedia.org/wikipedia/en/e/e5/Mizoram_University_logo.png
"Model Institute of Engineering & Technology, Jammu",https://encrypted-tbn0.gstatic.com/images?q=tbn:ANd9GcSNXfabPY5U7ZWTxLlujyMpUNaT_C_HrLJOvw&s
Mody University of Science & Technology,https://encrypted-tbn0.gstatic.com/images?q=tbn:ANd9GcTG9uh-dlwK4t7v7W01kvFP7m6Rm6XTXbpfwg&s
Mohamed Sathak A J College of Engineering,https://encrypted-tbn0.gstatic.com/images?q=tbn:ANd9GcR0TC3IlvMdWt2JxlFTJazE8DHS8ApJEf9jDA&s
Mohamed Sathak Engineering College,https://www.msec.org.in/images/mlogo.png
Mohan Babu University,https://upload.wikimedia.org/wikipedia/en/4/4b/Mohan_Babu_University_Logo%2C_Tirupati%2C_Andhra_Pradesh%2C_India.png
Monash University,https://upload.wikimedia.org/wikipedia/commons/7/7c/Monash_University_logo.svg
Montana State University,https://encrypted-tbn0.gstatic.com/images?q=tbn:ANd9GcStrL79F-HzDZayz9EyGz9n291Xb1QKzJMFig&s
Montclair State University,https://encrypted-tbn0.gstatic.com/images?q=tbn:ANd9GcRGTCMFhbL4N7MY7zknZNJL5076cPjZ0v3obg&s
Moscow Polytechnic University,https://encrypted-tbn0.gstatic.com/images?q=tbn:ANd9GcQKKVLdKHcqAGOjRFQ08TEoxyVn5Hm1MVyBFg&s
Muscat University,https://encrypted-tbn0.gstatic.com/images?q=tbn:ANd9GcTQgN5dUsLdQJboOxcomUWE3fBU7Ts7HacKJQ&s
Muthayammal Engineering College,https://mec.edu.in/storage/2021/05/MEC-Logo.png
Muthoot Institute of Technology & Science,https://encrypted-tbn0.gstatic.com/images?q=tbn:ANd9GcQRlVcdP_JQMI8ntoGjvZRWECce6oUwpNwf6w&s
Mykolas Romeris University,https://encrypted-tbn0.gstatic.com/images?q=tbn:ANd9GcQvhnEmDaCSZp7LukE621xPnP6bhNrDMYmumA&s
NPR College of Engineering and Technology,https://encrypted-tbn0.gstatic.com/images?q=tbn:ANd9GcQNjzkmir5o5tC59oL75P0Sd4NvxRkdkRMTnQ&s
NALSAR University,https://nalsar.ac.in/wp-content/uploads/2026/05/nalsar-default.jpg
Nandha Engineering College,https://encrypted-tbn0.gstatic.com/images?q=tbn:ANd9GcT27kYOfju0RvmKVHdNUwvo6BmYdNbWmv0OgQ&s
Nanyang Technological University,https://encrypted-tbn0.gstatic.com/images?q=tbn:ANd9GcTy7WP-1T0daakQV6eQJ8Gg17V72zq6XGsUVQ&s
NMIMS,https://upload.wikimedia.org/wikipedia/en/e/ec/Narsee_Monjee_Institute_of_Management_Studies_Logo.png
NFSU,https://upload.wikimedia.org/wikipedia/en/9/96/National_Forensic_Sciences_University_Logo.png
NFSU Bhopal,https://upload.wikimedia.org/wikipedia/en/9/96/National_Forensic_Sciences_University_Logo.png
NFSU Bhubneshwar,https://upload.wikimedia.org/wikipedia/en/9/96/National_Forensic_Sciences_University_Logo.png
NFSU Chennai,https://upload.wikimedia.org/wikipedia/en/9/96/National_Forensic_Sciences_University_Logo.png
NFSU Delhi,https://upload.wikimedia.org/wikipedia/en/9/96/National_Forensic_Sciences_University_Logo.png
NFSU Gandhinagar,https://upload.wikimedia.org/wikipedia/en/9/96/National_Forensic_Sciences_University_Logo.png
NFSU Goa,https://upload.wikimedia.org/wikipedia/en/9/96/National_Forensic_Sciences_University_Logo.png
NFSU Guwahati,https://upload.wikimedia.org/wikipedia/en/9/96/National_Forensic_Sciences_University_Logo.png
NFSU Jaipur,https://upload.wikimedia.org/wikipedia/en/9/96/National_Forensic_Sciences_University_Logo.png
NFSU Nagpur,https://upload.wikimedia.org/wikipedia/en/9/96/National_Forensic_Sciences_University_Logo.png
NFSU Raipur,https://upload.wikimedia.org/wikipedia/en/9/96/National_Forensic_Sciences_University_Logo.png
NIELIT,https://encrypted-tbn0.gstatic.com/images?q=tbn:ANd9GcQhcmijtXPOa3Z9uwKxUBFZhsTdqoFGRmKO2FXWllXRkQ&s=10
NIELIT Kohima,https://encrypted-tbn0.gstatic.com/images?q=tbn:ANd9GcQhcmijtXPOa3Z9uwKxUBFZhsTdqoFGRmKO2FXWllXRkQ&s=10
NIELIT Ropar,https://encrypted-tbn0.gstatic.com/images?q=tbn:ANd9GcQhcmijtXPOa3Z9uwKxUBFZhsTdqoFGRmKO2FXWllXRkQ&s=10
NIELIT Kolkata,https://encrypted-tbn0.gstatic.com/images?q=tbn:ANd9GcQhcmijtXPOa3Z9uwKxUBFZhsTdqoFGRmKO2FXWllXRkQ&s=10
NIELIT Calicut,https://encrypted-tbn0.gstatic.com/images?q=tbn:ANd9GcQhcmijtXPOa3Z9uwKxUBFZhsTdqoFGRmKO2FXWllXRkQ&s=10
NIELIT Ajmer,https://encrypted-tbn0.gstatic.com/images?q=tbn:ANd9GcQhcmijtXPOa3Z9uwKxUBFZhsTdqoFGRmKO2FXWllXRkQ&s=10
National Institute of Technical Teachers Training and Research,https://upload.wikimedia.org/wikipedia/commons/7/7c/NITTTR_Logo_%28new%29.png
National Institute of Technology Agartala,https://upload.wikimedia.org/wikipedia/commons/d/db/Logo_of_National_Institute_of_Technology_Agartala.png
National Institute of Technology Calicut,https://upload.wikimedia.org/wikipedia/en/a/ae/Correct_Logo_of_NIT_Calicut.svg
National Institute of Technology Jamshedpur,https://upload.wikimedia.org/wikipedia/en/7/7d/National_Institute_of_Technology%2C_Jamshedpur_Logo.png
National Institute of Technology Patna,https://upload.wikimedia.org/wikipedia/en/b/b5/National_Institute_of_Technology%2C_Patna_Logo.png
National Institute of Technology Rourkela,https://upload.wikimedia.org/wikipedia/en/e/e2/NIT_Rourkela_Colour_Logo.svg
National Institute of Technology Sikkim,https://upload.wikimedia.org/wikipedia/en/0/00/National_Institute_of_Technology_Sikkim.svg
National Institute of Technology Warangal,https://upload.wikimedia.org/wikipedia/en/f/fb/National_Institute_of_Technology%2C_Warangal_logo.png
"National Institute of Technology, Kurukshetra",https://upload.wikimedia.org/wikipedia/en/7/75/National_Institute_of_Technology%2C_Kurukshetra_Logo.png
National Law Institute University Bhopal,https://upload.wikimedia.org/wikipedia/en/6/6d/National_Law_Institute_University_Logo.png
National Law School of India University,https://upload.wikimedia.org/wikipedia/en/b/b3/National_Law_School_of_India_University_Logo.svg
National University of Advanced Legal Studies,https://encrypted-tbn0.gstatic.com/images?q=tbn:ANd9GcTfxVjdGfNOaqrblSw4sFX6CNzpGwf7Qmh_u-iHNRBvcw&s
National University of Science and Technology ,https://encrypted-tbn0.gstatic.com/images?q=tbn:ANd9GcRyGvsLK8OGmi_Z2xykfWlwTsnjvdSEBRgFatsrgNnuDzy5B5mDhVbgTUE&s=10
National University of Singapore,https://upload.wikimedia.org/wikipedia/en/thumb/b/b9/NUS_coat_of_arms.svg/960px-NUS_coat_of_arms.svg.png
Nellai College of Engineering,https://assets.zollege.in/public/college_data/images/logos/1695367065Nellai1024x3091.png
Nelson Business School,https://lms.nbs.org.in/frontend/assets/img/logo.png
NEOTIA University,https://encrypted-tbn0.gstatic.com/images?q=tbn:ANd9GcSuPR3jto0BI8Se099JDj3_9cvFnN1NYFkWlPLQ9X1Z3w&s=10
Netaji Subhas University Jamshedpur,https://upload.wikimedia.org/wikipedia/en/4/43/Netaji_Subhas_University_logo.png
Netaji Subhas University of Technology,https://upload.wikimedia.org/wikipedia/en/e/e9/Netaji_Subhas_University_of_Technology.svg
New Jersey Institute of Technology,https://upload.wikimedia.org/wikipedia/en/thumb/e/e9/New_Jersey_IT_seal.svg/1280px-New_Jersey_IT_seal.svg.png
New Prince Shri Bhavani College of Engineering and Technology,https://encrypted-tbn0.gstatic.com/images?q=tbn:ANd9GcSWzaVSWcpj4WV7NfiLjtFH1_vfNtZOuEgbpGNxFH9mmmeoGDHmmhTraHws&s=10
New York University,https://encrypted-tbn0.gstatic.com/images?q=tbn:ANd9GcSHQe_rr9YDhilkFK2VS1zc2SwwVGB3DV-6K8VcdzMTjA&s=10
Newcastle University,https://upload.wikimedia.org/wikipedia/commons/a/ad/University_of_Newcastle_Coat_of_Arms.svg
NIELIT Deemed to be University- Srinagar,https://encrypted-tbn0.gstatic.com/images?q=tbn:ANd9GcSloXgC4s4glPcPf0e7Fj1NfC2KTZU1RPwP8ICbFzzl8A6dli6TS1WGSH7B&s=10
NIILM University,https://encrypted-tbn0.gstatic.com/images?q=tbn:ANd9GcSb8IMjkfzFwmB2wgW_UTBNGs4W3HgW6KJ4VqMrajOuLkREPIi2efXssOE&s=10
NIIT University,https://encrypted-tbn0.gstatic.com/images?q=tbn:ANd9GcTQzvcVWIht8ibed7eblJB4TwCh7ej-ytm19imldVrukV4I-wMCk2IItKHP&s=10
NITTE,https://encrypted-tbn0.gstatic.com/images?q=tbn:ANd9GcQuSA7rQD2Cieb-kueuz1bqHkxaVzWW0b6Jju6VWOApG2q_thaWeTY7F-1K&s=10
Noble University Junagadh,https://nobleuniversity.ac.in/wp-content/uploads/2023/05/Noble-University-Only-Logo.png
Noida Institute of Engineering and Technology,https://edsathi.com/wp-content/uploads/2024/03/logo-4.png
Noida International University,https://encrypted-tbn0.gstatic.com/images?q=tbn:ANd9GcS9zwsumHcCrs7chI2v81JNWuWSnVzGxx7_ynKAaAcfTQ3sItlwozKSyyw&s=10
Noorul Islam Centre for Higher Education,https://www.niuniv.com/images/file_1624942853_our-emblem.jpg
Noroff,https://encrypted-tbn0.gstatic.com/images?q=tbn:ANd9GcTbYPjwyfXcU5vfQNcIIaaRuqezHAlFBycrAEJC0DqWuPMAQ0vs38fSU2NH&s=10
Noroff Campus Kristiansand,https://encrypted-tbn0.gstatic.com/images?q=tbn:ANd9GcTbYPjwyfXcU5vfQNcIIaaRuqezHAlFBycrAEJC0DqWuPMAQ0vs38fSU2NH&s=10
North Carolina State University,https://encrypted-tbn0.gstatic.com/images?q=tbn:ANd9GcQpH5Ay3O985CnHW-eGq_unDqOmttF8IpOwSQ&s
Northeastern University,https://encrypted-tbn0.gstatic.com/images?q=tbn:ANd9GcTMzESiLaJEaluAiZyG40BpCmnRI_2giO94QQ&s
Northern Illinois University,https://wp.logos-download.com/wp-content/uploads/2021/02/Northern_Illinois_University_Logo.png?dl
Northumbria University,https://upload.wikimedia.org/wikipedia/commons/d/d7/Northumbria_University_Logo.png
Norwegian University of Science And Technology,https://encrypted-tbn0.gstatic.com/images?q=tbn:ANd9GcTtaEJibPc_3GoGr6YZpVoCK-3nyA54CuL_jA&s
Norwich University,https://encrypted-tbn0.gstatic.com/images?q=tbn:ANd9GcT9S1dCC3WgcQBvCjhxgPm3djeJ19xszKW_Xg&s
Nottingham Trent University,https://upload.wikimedia.org/wikipedia/commons/0/0c/Nottingham_Trent_University_shield_logo.png
NRI Institute of Research Technology,https://encrypted-tbn0.gstatic.com/images?q=tbn:ANd9GcRuQ_m9SDnGfnOjET4Lb9qQJHytCTSAzWZW3Q&s
Oakland University,https://i.pinimg.com/736x/fb/33/70/fb33702b749565939b3bb830ac98f5fd.jpg
Óbuda University,https://study-in-hungary.com/wp-content/uploads/2023/08/Obuda-University-Logo-e1693919079877.png
Odisha State Open University,https://encrypted-tbn0.gstatic.com/images?q=tbn:ANd9GcS91epjnHyGToEb9rWC5hxJvP3DLBGyV6fBiP4RCHDFbw&s
Ohio University,https://i.pinimg.com/474x/38/61/7b/38617b0a190faea294f439e700b1fed0.jpg
Old Dominion University,https://www.odu.edu/sites/default/files/styles/wysiwyg_max_width/public/images/1579702801177.jpg
OM Sterling Global University,https://encrypted-tbn0.gstatic.com/images?q=tbn:ANd9GcSm3bvBEV5KP1JVupWzzALMcmwb1oQEWVSdgNnFF8BWVA&s=10
Open University,https://encrypted-tbn0.gstatic.com/images?q=tbn:ANd9GcTSR6Ih_7FbyEDEKMxfSDTTX51ijJ_RKnnkWb4OHYNtJQ&s=10
Oregon State University,https://encrypted-tbn0.gstatic.com/images?q=tbn:ANd9GcQg7zymUC7aLVoethfYOQodQTs3JVkZKIpYpnDV0Ezzxg&s=10
Oriental College of Technology Bhopal,https://encrypted-tbn0.gstatic.com/images?q=tbn:ANd9GcRiDOQvEX358oxFyxl2cdjEYU0dg1Yp0nPZXw&s
OST − Ostschweizer Fachhochschule,https://encrypted-tbn0.gstatic.com/images?q=tbn:ANd9GcTxREPejx5epbAFGPXdW9pW_OzwXv5b_wyeYw&s
Oxford Brookes University,https://encrypted-tbn0.gstatic.com/images?q=tbn:ANd9GcTT4XSR4MOSd83VpBwYqaqrY5JYPGv9WcGMQ3W4CviGvg&s=10
Ozford Institute of Higher Education,https://encrypted-tbn0.gstatic.com/images?q=tbn:ANd9GcS-MMIvSaeCQhYo40w7SFXYpqTca4lkgob0IYHL_kQm6g&s=10
PA College of Engineering,https://www.pace.edu.in/img/pace-logo.png
P.B. College of Engineering Kancheepuram ,https://encrypted-tbn0.gstatic.com/images?q=tbn:ANd9GcQNEjxWmitE6xZ-Ds4vM5tKsM0yKVzp4BdflSNGlGp3jQ&s
P.S.V.College of Engineering and Technology,https://encrypted-tbn0.gstatic.com/images?q=tbn:ANd9GcTshcBVwLaXsZhHLK9_sYaRnoreGKv_0EAd5g&s
P.T.R. College of Engineering and Technology,https://encrypted-tbn0.gstatic.com/images?q=tbn:ANd9GcRa_dE_HVrFQpsgoxlcBjp0Cys4uofnAL42FJSLY0PlPg&s=10
Paavai Engineering College,https://encrypted-tbn0.gstatic.com/images?q=tbn:ANd9GcTjGV3gO56jZl68rqpb3FUDuvqJTFUGTJohIg&s
Pace University,https://encrypted-tbn0.gstatic.com/images?q=tbn:ANd9GcTJWYFRahVFeLvs48yCGub7CKHBvqh6u8xHUw&s
Pandian Saraswathi Yadav Engineering College,https://campushunt.in/collegelogo/pandian-saraswathi-yadav-eng-clg-logo-1067.jpg
Pandit Deendayal Energy University,https://upload.wikimedia.org/wikipedia/en/f/f1/Pandit_Deendayal_Energy_University_logo.png
Panipat Institute of Engineering & Technology,https://assets.allegiance-educare.com/colleges/thumb/250_250_1680254066VPlogo.png
Paris American International University,https://paiu.fr/wp-content/uploads/2025/01/PAIU_LOGO_LARGE_round.jpg
Paris School of Business,https://storage-prtl-co.imgix.net/endor/organisations/825/logos/1731925445_logo-psb.jpg
Park College of Engineering and Technology,https://facultytub.com/wp-content/uploads/2024/09/Park-College-of-Engineering-Technology-1.jpg
Parul University,https://logowik.com/content/uploads/images/parul-university9542.jpg
Pennsylvania State University,https://brand.psu.edu/images/shared-images/PSU-mark-navy.jpg
Peoples' Friendship University of Russia,https://wp.logos-download.com/wp-content/uploads/2021/01/Peoples_Friendship_University_of_Russia_Logo_full.png
PERI Institute of Technology,https://facultytick.com/wp-content/uploads/2024/04/PERI-Institute-of-Technology.webp
PES University,https://pesu.io/static/images/pes_logo.png
Pimpri Chinchawad University,https://encrypted-tbn0.gstatic.com/images?q=tbn:ANd9GcQzTGrFRQGJ64NOJVGOxXAioaR9KkwEDAefBA&s
Politecnico di Milano,https://images.seeklogo.com/logo-png/31/1/politecnico-milano-logo-png_seeklogo-318546.png
Politecnico di Torino,https://upload.wikimedia.org/wikipedia/it/4/47/Logo_PoliTo_dal_2021_blu.png
Polytechnic of Leiria,https://upload.wikimedia.org/wikipedia/commons/9/9a/Log%C3%B3tipo_Polit%C3%A9cnico_Leiria_01.png
Pondicherry University,https://upload.wikimedia.org/wikipedia/en/d/d0/Pondy_Univ_logo1.png
Pontificia Universidad Javeriana,https://logowik.com/content/uploads/images/pontificia-universidad-javeriana2192.logowik.com.webp
Pontifícia Universidade Católica do Rio de Janeiro,https://upload.wikimedia.org/wikipedia/en/6/6d/Pontifical_Catholic_University_of_Rio_de_Janeiro_logo.svg
Poornima University,https://poornima.edu.in/sub/etisd/img/logo/logo2.png
PP Savani university,https://www.ppsu.ac.in/img/PPSUNAACA+Logo.png
Prathyusha Engineering College,https://www.campusoption.com/images/colleges/logos/19_01_17_063415_index.jpg
"Presidency University, Banglore",https://upload.wikimedia.org/wikipedia/en/8/89/Presidency_University%2C_Bangalore_logo.svg
Prince Dr. K. Vasudevan College of Engineering and Technology,https://www.princedrkvasudevan.com/image/logo.jpeg
Prince Sultan University,https://images.seeklogo.com/logo-png/35/1/prince-sultan-university-logo-png_seeklogo-359171.png
"Providence College of Engineering, Chengannur",https://facultytub.com/wp-content/uploads/2024/08/Untitled-1-800x200.png
PSNA College of Engineering and Technology,https://encrypted-tbn0.gstatic.com/images?q=tbn:ANd9GcQmm6Hrmzjt2D5QS0o8ePs-VZZMuy06XGvI6rrwYbzOuTePoM-m4L60-95-&s=10
"Punjab Engineering College, Chandigarh",https://encrypted-tbn0.gstatic.com/images?q=tbn:ANd9GcQxJJuXk2s5e-KM_RmQKyg67HQrdidAmYMePA&s
Punjabi University,https://encrypted-tbn0.gstatic.com/images?q=tbn:ANd9GcRmE66t-ilZ1qEY39N-y9oejS6vbPwKnRqhMg&s
Purdue University,https://encrypted-tbn0.gstatic.com/images?q=tbn:ANd9GcRTp7AvvTE3tn9_BQ9PVtLt7KHh7NgCbEBFwA&s
Quantum University,https://quantumuniversity.edu.in/images/og_logo.png
Queen's University Belfast,https://encrypted-tbn0.gstatic.com/images?q=tbn:ANd9GcRaDetcZPMeWo1q-9J6EcT6hEWT-tPwRrTvHw&s
Queensland University of Technology,https://encrypted-tbn0.gstatic.com/images?q=tbn:ANd9GcSq6VIRjNDMYkDVImRE1NomKC-65R3p3NwcLw&s
Quinnipiac University,https://encrypted-tbn0.gstatic.com/images?q=tbn:ANd9GcRSir4ETX--xJfZBFktHVVMCTtLrESznK9Pgw&s
R P Sarathy Institute of Technology,https://newerp.rpsit.ac.in/uploads/banner/logo.png
"R.M.K. College of Engineering and Technology , Thiruvallur",https://www.rmkcet.ac.in/new_design_images/logo-new-nav.svg
Rabindranath Tagore University,https://encrypted-tbn0.gstatic.com/images?q=tbn:ANd9GcRouYTAxpRoLw-ZeADb0rz9Fp1nuoCu0FO_jw&s
Radboud University,https://encrypted-tbn0.gstatic.com/images?q=tbn:ANd9GcRrN_ARUKI0AOOsf_5vr0DekAq6Q1l9g2r_Jw&s
"Rajadhani Institute of Science and Technology, Palakkad",https://www.rist.edu.in/wp-content/uploads/2021/05/cropped-favicon.png
Rajalakshmi Engineering College,https://pages.rajalakshmi.org/image/logo2.png
"Rajarajeswari College of Engineering, Bangalore",https://pbs.twimg.com/profile_images/2031598410252562435/TVdet46p.jpg
Rajiv Gandhi University,https://upload.wikimedia.org/wikipedia/en/a/ae/Rajiv_Gandhi_University_Logo.png
Ramaiah University,https://upload.wikimedia.org/wikipedia/en/5/5a/Ramaiah_Institutions_Logo.png
Ramrao Adik Institute of Technology,https://encrypted-tbn0.gstatic.com/images?q=tbn:ANd9GcSZUFgNHiVRxjOTHNi15ZSJTWjkvd2EPsmB9w&s
Rangsit University,https://upload.wikimedia.org/wikipedia/en/d/d0/Rangsit_University_Logo.svg
Rashtriya Raksha University,https://upload.wikimedia.org/wikipedia/en/b/bc/Rashtriya_Raksha_University_logo.png
Rathinam Technical Campus,https://qs-igauge.blr1.cdn.digitaloceanspaces.com/image%20(2).png
Rayat Bahra University,https://rbuchd.in/navbar/RBU_LOGO_png@4x.webp
Reva university,https://files.reva.ac.in/assets/frontend/images/logo-icon.png
Rheinische Friedrich-Wilhelms-Universität Bonn,https://encrypted-tbn0.gstatic.com/images?q=tbn:ANd9GcSEChMfOrDuJodutUB4PR4V78sGJh_F3GhEhA&s
RIMT University,https://encrypted-tbn0.gstatic.com/images?q=tbn:ANd9GcQNhVGnEffvXoT_rOoA4naQgoiBjn4fSVJJnIvj8-gUJw&s=10
RMIT University,https://encrypted-tbn0.gstatic.com/images?q=tbn:ANd9GcQXq7B5xm5ggWBfYlsJM8nxnbkP3z-er2up4e9RTu7Dhg&s=10
"RNS Institute of Technology, Bangalore",https://cdn.factori.com/client_logos/2025-04-22-10-14-42-40ybiUt9Gr.webp
Robert Gordon University,https://rgu-slss.blog/wp-content/uploads/2023/03/cropped-rgu-logo.png
Robert Morris University,https://www.rmu.edu/sites/default/files/images/rmu_logo_1.png
Rochester Institute of Technology ,https://www.rit.edu/brandportal/sites/rit.edu.brandportal/files/inline-images/RIT__RGB_vert_k_0.png
"Royal College of Engineering and Technology, Thrissur",https://royalcet.ac.in/wp-content/uploads/2022/05/footer-logo.png
Royal Holloway University of London,https://encrypted-tbn0.gstatic.com/images?q=tbn:ANd9GcTerNMHK7U6Xu-kU7j00jwZBp5wAL9XIWd3Rw&s
Ruhr-Universität Bochum,https://encrypted-tbn0.gstatic.com/images?q=tbn:ANd9GcQqu4qwhZqXvUztA1VajkMUpZXAdTrqDw0c6LaVM9RWIg&s=10
Rungta International University,https://cdn-prod.mybharats.in/organization/logo_22a54bfa-ce9d-4952-99e5-1e04936bad80.jpeg
Rutgers State University of New Jersey,https://encrypted-tbn0.gstatic.com/images?q=tbn:ANd9GcQMrA-h09rK0k5yVAB0lRy2L8JMPl9EHe6Y6w&s
Rutgers University Brunswick,https://encrypted-tbn0.gstatic.com/images?q=tbn:ANd9GcQIj9deJRMUPxy0Aav9y43Sjiu8Z3gvv776AQ&s
RV University,https://upload.wikimedia.org/wikipedia/en/d/d6/RVU_logo.png
RVS School of Engineering and Technology,https://www.rvsetgidgl.ac.in/assets/img/logorvs1.jpg
S.E.A. College of Engineering & Technology,https://seacet.edu.in/images/logos/logo-03.png
S-VYASA University,https://encrypted-tbn0.gstatic.com/images?q=tbn:ANd9GcSFQCKbQ5KQ9k_dIaKI3s36Y_2spzyVyyIKkA&s
"S.A Engineering College, Chennai ",https://encrypted-tbn0.gstatic.com/images?q=tbn:ANd9GcRKlsRERMTexIgvYek2OJkCZouPhVetk5aE4_hFFEtREUj2sWKx5xCtqmY&s=10
S.I.E.S. Graduate School of Technology,https://encrypted-tbn0.gstatic.com/images?q=tbn:ANd9GcSikZhMYBMIzs6-0QuezjAW2eSoPVdeahyJ0g&s
S.K.P. Engineering College,https://encrypted-tbn0.gstatic.com/images?q=tbn:ANd9GcSJDFslxqMqLtIqGmVKbjWoK0e8ukOpbrNE7gzIfLhQT4O20nNnzwbrxGr8&s=10
Saarland University,https://www.se.cs.uni-saarland.de/projects/BrainsOnCode/images/uds_logo.png
Sacred Heart University,https://encrypted-tbn0.gstatic.com/images?q=tbn:ANd9GcQVPOepq1uOjp_8vsgZfhHzOuOWSQHB_7vBOw&s
"Sagar Institute of Research & Technology, Bhopal",https://www.sirtbhopal.ac.in/assets/images/sagar-logo-new.jpg
Sagar Institute of Science & Technology,https://encrypted-tbn0.gstatic.com/images?q=tbn:ANd9GcTKg-xSZ_6pnOiCc_Px62LD8bwvqnJVnsc80w&s
SAGE University Bhopal,https://www.vidyavista.com/assets/user_logo/1ad99477895c87f4eed894ce538b4a61.jpeg
SAGE University Indore,https://cdn.universitykart.com//Content/upload/admin/gjmrzjqu.jr1.jpg
Saint Leo University,https://encrypted-tbn0.gstatic.com/images?q=tbn:ANd9GcQnpKHMhw3DTyyhe_W-_glyQ-uFCmqKuZSM2A&s
SAINT LOUIS University,https://encrypted-tbn0.gstatic.com/images?q=tbn:ANd9GcRXa8ImtCeznLXrRv_9wOT5zv-Au9EjtBJdZQ&s
Saint Mary's university of Minnesota,https://encrypted-tbn0.gstatic.com/images?q=tbn:ANd9GcS4mxiIR1vYaaLReDjXxLAOEglgh96Xd2k_ew&s
Saint Peter's University,https://www.saintpeters.edu/wp-content/blogs.dir/148/files/2024/05/SP_Mascot_Head_rgb.jpg
Saint Xavier's University,https://upload.wikimedia.org/wikipedia/en/d/d1/St._Xavier%27s_University%2C_Kolkata_logo.png
Sam Houston University,https://upload.wikimedia.org/wikipedia/en/d/de/SHSU_athletics_logo.svg
"Sambhram Institute of Technology, Bangalore",https://encrypted-tbn0.gstatic.com/images?q=tbn:ANd9GcT6UXr_sAxZmXnXYPE9xim7rwHolzwpTMUZ1Q&s
"Samrat Ashok Technological Institute, Vidisha",https://upload.wikimedia.org/wikipedia/commons/4/44/SATI_Vidisha.jpg
SAMS College of Engineering and Technology,https://dial4college.blr1.cdn.digitaloceanspaces.com/pro/2731/logo/1754546245.jfif
San Diego State University,https://encrypted-tbn0.gstatic.com/images?q=tbn:ANd9GcTB0j-D3f6FW_K1sikcqypfYjpkKOV8D-LAEQ&s
Sandip University Nashik,https://encrypted-tbn0.gstatic.com/images?q=tbn:ANd9GcT1kznrINTKb8OITEzGn9M0msOwwRa2h2YGDQ&s
SANS Technology Institute,https://encrypted-tbn0.gstatic.com/images?q=tbn:ANd9GcTJ351FzvbTbvVk7-yy9HZxJPaYhqUhfO7cqQ&s
Sanskaram University,https://encrypted-tbn0.gstatic.com/images?q=tbn:ANd9GcRAKFWU6LVfRVOteb184LtF4Ob1zxi8fJRxrQ&s
Sanskriti University,https://upload.wikimedia.org/wikipedia/en/a/a9/Sanskriti_University_logo.png
Sapienza University of Rome,https://encrypted-tbn0.gstatic.com/images?q=tbn:ANd9GcTbyzma1g1Hk5QFYd_9yBJecn6XTERXBCXN_g&s
"Sardar Patel University of Police, Security and Criminal Justice Jodhpur",https://encrypted-tbn0.gstatic.com/images?q=tbn:ANd9GcSl1EhyiwvXoVbIi5ZojoAsyr-a7BUcjxU2Sw&s
"Sardar Vallabhbhai National Institute of Technology, Surat",https://upload.wikimedia.org/wikipedia/en/1/1b/NIT_Surat_Logo.svg
Saskatchewan Polytechnic,https://encrypted-tbn0.gstatic.com/images?q=tbn:ANd9GcScaJUndXzM2my4vhxtW9ziVx2ZcvZ9gH1Vfw&s
Saveetha Engineering College,https://saveetha.ac.in/wp-content/uploads/2024/03/SEC-Logo-1.png
SavitriBhai Phule Pune University,https://upload.wikimedia.org/wikipedia/en/f/f6/Savitribai_Phule_Pune_University_Logo.png
Saylor University,https://media.licdn.com/dms/image/v2/C560BAQFwF7D9pMxmgw/company-logo_200_200/company-logo_200_200/0/1631364010998?e=2147483647&v=beta&t=yIJ-HTNOBDCYOYjNT5yhDHTV7MXPtXW3a76JpQrPGC4
School of Technology and Applied Sciences Pullarikunnu,https://encrypted-tbn0.gstatic.com/images?q=tbn:ANd9GcQFdliT26_sjFlwCJbkc2kcKA8mfWh31GlcS2jxnt1IJOBA_Vwl52hgDfpA&s=10
"School of Technology and Applied Sciences, Edappally",https://encrypted-tbn0.gstatic.com/images?q=tbn:ANd9GcQFdliT26_sjFlwCJbkc2kcKA8mfWh31GlcS2jxnt1IJOBA_Vwl52hgDfpA&s=10
Scope Global Skills University,https://sgsuniversity.ac.in/wp-content/uploads/2023/12/SGSU-PNG-1024x343.png
Seneca Polytechnic,https://encrypted-tbn0.gstatic.com/images?q=tbn:ANd9GcQNL-oDzfE5mXtyQmqfv6cgEASM3ZkzoUpJ5Q&s
SET University,https://cdn.cases.media/image/company/c29b88b1-2843-44ee-a33f-2089712dc296.png
Sethu Institute of Technology,https://encrypted-tbn0.gstatic.com/images?q=tbn:ANd9GcTqovPoqLFGIii4ENxeGsA7t2ExWIWBnZHNjQ&s
SGT University,https://upload.wikimedia.org/wikipedia/en/c/ca/Shree_Guru_Gobind_Singh_Tricentenary_University_%28SGT_University%29_logo.jpg
Shah And Anchor Kutchhi Engineering College,https://encrypted-tbn0.gstatic.com/images?q=tbn:ANd9GcROSgU-86bpxc_dO3QwtCTyzDAsmXJbJMDu-w&s
Shaheed Sukhdev College of Buisness Studies,https://sscbs.du.ac.in/wp-content/uploads/2021/10/Logo.png
Shanmugha Arts Science Technology & Research Academy,https://upload.wikimedia.org/wikipedia/en/0/0e/Shanmugha_Arts%2C_Science%2C_Technology_%26_Research_Academy.svg
Sharda University,https://upload.wikimedia.org/wikipedia/en/1/16/Sharda_University_logo_no_wordmark.png
Sheffield Hallam University,https://encrypted-tbn0.gstatic.com/images?q=tbn:ANd9GcQlmnCJgflRG5tbiLnxf9Q4Wkr9PdqRI218lA&s
Sherdian College,https://upload.wikimedia.org/wikipedia/commons/f/f8/Sheridan_College_Logo.png
Shiv Nadar University,https://snu.edu.in/site/templates/images/logo.svg
Shoolini University,https://encrypted-tbn0.gstatic.com/images?q=tbn:ANd9GcQ88J0Eh8xOi4iJrsvkqf9DXWZxXDwzcUhS1w&s
Shree Dhanvantary College of Engineering & Technology,https://encrypted-tbn0.gstatic.com/images?q=tbn:ANd9GcSUCrMaYGwF_NIetLbpQnNZT2InY8DOzpKqcA&s
Shreyarth University,https://encrypted-tbn0.gstatic.com/images?q=tbn:ANd9GcRprhoPLnrvCUyEdV7FmHMrD53JNpanJ7Xo-A&s
"Shri Guru Gobind Singhji Institute of Engineering and Technology, Nanded",https://upload.wikimedia.org/wikipedia/en/0/04/Shri_Guru_Gobind_Singhji_Institute_of_Engineering_and_Technology_%28SGGSIE%26T%29_logo.png
Shri Ramswaroop Memorial University,https://upload.wikimedia.org/wikipedia/commons/b/be/Srmu_logo.jpg
Shri Rawatpura Sarkar University,https://upload.wikimedia.org/wikipedia/en/8/83/Shri_Rawatpura_Sarkar_University_logo.png
"Shri Shankaracharya Technical Campus, Bhilai",https://encrypted-tbn0.gstatic.com/images?q=tbn:ANd9GcTbV0Xz33aL8B_rhHe743xtL9gOZIwuMsYSvw&s
Shri Vishnu Engineering College for Women,https://encrypted-tbn0.gstatic.com/images?q=tbn:ANd9GcQ_TMH1fQq8EeerdSAutSCh5sFViWi1oD5p8uLhcKYqUoctZNylOyaDGDU&s=10
Sikkim Manipal University (SMIT),https://www.smu.edu.in/smit/img/SMIT%20LOGO.png
Siksha O Anusadhan,https://encrypted-tbn0.gstatic.com/images?q=tbn:ANd9GcQCZHeOeTJ3UVPCVUlgN1BmTn0KUNcCRvDsYQ&s
Silver Oak University,https://encrypted-tbn0.gstatic.com/images?q=tbn:ANd9GcSOE_yPlzJZoZWG1uASdJL6kkGPb1OiAPN7ag&s
Simon Fraser University,https://upload.wikimedia.org/wikipedia/en/0/0b/Simon_Fraser_University_coat_of_arms.png
Singapore Polytechnic,https://upload.wikimedia.org/wikipedia/commons/f/ff/Singapore_Polytechnic_logo.png
Singhania University Pacheri,https://singhaniauniversity.ac.in/test/wp-content/uploads/2024/06/Singhania_University_Logo.png
Sir M.Visveswaraya Institute of Technology,https://image-upload.getmycollege.com/new-uploads/college/logo/sir-m-visvesvaraya-institute-of-technology-logo-338.jpg
Sir Padmapat Singhania University,https://encrypted-tbn0.gstatic.com/images?q=tbn:ANd9GcTvV09kDf6lR56AEkdQnRgf89YddJfpK-9EzY6fhZiwqczQYtvb4eTQwvdg&s=10
"Sister Nivedita University, New Town",https://erp.snuniv.ac.in/Images/DEFAULT_BG/default_logo1.png
"Smt. Indira Gandhi College of Engineering, Navi Mumbai",https://sigce.edu.in/wp-content/uploads/2023/12/logo-170x172-1.png
Solent University,https://encrypted-tbn0.gstatic.com/images?q=tbn:ANd9GcQDatBpzJWuqAYqwM5WMl9-76XJpjKcpluHJw&s
Sona Devi University,https://encrypted-tbn0.gstatic.com/images?q=tbn:ANd9GcTw-QHhE_kzsTQUolYDyB4OsG8BKnuSGjiCkA&s
Southeast Technological University,https://upload.wikimedia.org/wikipedia/commons/2/20/South_East_Technological_University_logo.svg
Southern Alberta Institute of Technology,https://encrypted-tbn0.gstatic.com/images?q=tbn:ANd9GcSfvXDO5YKfhqeRRntRs4SyF7rzJMDQ6MmWZw&s
Southern Utah University,https://encrypted-tbn0.gstatic.com/images?q=tbn:ANd9GcQnI2aPwScbOjEky_MZfdOYmg7SJTvfCqLIQQ&s
SR University,https://encrypted-tbn0.gstatic.com/images?q=tbn:ANd9GcQt3ObEmm-uktTwR9xwMm1yyLKTDtMTfT8yXg&s
"Sree Narayana Gurukulam College of Engineering, Ernakulam",https://encrypted-tbn0.gstatic.com/images?q=tbn:ANd9GcTHxEjlzqXvXcUNqUnQS_D4EfFBl0uLh401ag&s
Sree Sakthi Engineering College,https://www.sreesakthi.edu.in/assets/img/new-images/logo-full.webp
Sree Sastha Institute of Engineering and Technology Chembarambakkam,https://encrypted-tbn0.gstatic.com/images?q=tbn:ANd9GcT8mAoidztrzllRTQKBmNjBB52LUAWBK_9Ebw&s
SRH University,https://www.canamgroup.com/assets/universitylogos/1737017146-sRH-LOGO-modified.png
Sri Eshwar College of Engineering,https://encrypted-tbn0.gstatic.com/images?q=tbn:ANd9GcRhm4wVZEDP2omQiOJs1aDaM-qbbMFMzrXkaQ&s
Sri Krishna College of Engineering and Technology,https://upload.wikimedia.org/wikipedia/commons/a/aa/SKI-Coimbatore-Logo.webp
SRI Ramachandra Institute of Higher Education and Research,https://www.sriramachandra.sport/images/new-added/logo-foot.svg
"Sri Sai Ram Engineering College , Sai Leo Nagar",https://encrypted-tbn0.gstatic.com/images?q=tbn:ANd9GcQvBeMMMOQJcfiOPfGDHklPbve3jV4gM_rz2g&s
Sri Sai Ranganathan Engineering College,https://dfhe5ze0n4pxu.cloudfront.net/College/Logos/Logo-1718794600231.png
Sri Shakthi Institute of Engineering and Technology,https://encrypted-tbn0.gstatic.com/images?q=tbn:ANd9GcTHS9jwkLdHCKo90fsu-rfxluXN37prOQtY6g&s
Sri Shanmugha College of Engineering and Technology,https://encrypted-tbn0.gstatic.com/images?q=tbn:ANd9GcTY1iFw-iJAZd7MxplT63JGozg8-YZlBMZJCQ&s
Sri Sri University,https://en.wikipedia.org/wiki/Sri_Sri_University
"Sri Venkateshwara College of Engineering, Bangalore",https://svcengg.edu.in/public/images/logo-blue.png
"Sri Venkateswara College of Engineering and Technology, Thirupachur",https://encrypted-tbn0.gstatic.com/images?q=tbn:ANd9GcSwAl4_kSly-YjyPyHOqUNS5n3s1P_qzirnDQrMB51cGhk391Ul4NWIGDs&s=10
"Sri Venkateswara Institute of Science and Technology, Kolundhalur",https://encrypted-tbn0.gstatic.com/images?q=tbn:ANd9GcT6-BV0ypQy1Sd4y26iwG-WLcMCBoDzMVN6bg&s
Sri Venkateswaraa College of Technology,https://encrypted-tbn0.gstatic.com/images?q=tbn:ANd9GcT0HDzVMz_IrTjdB-RbcXg9y8ZqCXAJrMNbRpGf41qUp2XLNmJMaQ9T7eQ&s=10
Srinakharinwirot University (SWU),https://upload.wikimedia.org/wikipedia/en/thumb/c/cf/Srinakharinwirot_Logo.svg/1280px-Srinakharinwirot_Logo.svg.png
Srinath University,https://encrypted-tbn0.gstatic.com/images?q=tbn:ANd9GcSoac03WLEgZeqL8e4rZjx6oIO4LRvFQc_6rLDWvzx2nMupVG2TZ3eAGzop&s=10
"SriRam Engineering College, Perumalpattu",https://www.facultyplus.com/wp-content/uploads/2024/07/images-3.png
SRM Institute of Science and Technology Kattankulathur,https://encrypted-tbn0.gstatic.com/images?q=tbn:ANd9GcScRT1Upc7OUI3e1pfe6t1dsn5laER1RNGxZpg9m_TAL4L8PpQyBlIsAQR7&s=10
SRM Madurai College for Engineering and Technology,https://yt3.googleusercontent.com/Vs2jMG-wSJCB30l3_XzeI8TQptOwhNv3y0_jO9_uaD4RUZwtOrsPOfPloqbShem1YGtX2KO8EaE=s160-c-k-c0x00ffffff-no-rj
SRM University Sikkim,https://collegexpad.com/wp-content/uploads/2024/02/Untitled-design-6-4.png
SRM University Sonepat,https://upload.wikimedia.org/wikipedia/en/7/7a/SRM_University%2C_Haryana_logo.png
"SRM University, Amaravathi",https://upload.wikimedia.org/wikipedia/en/6/6e/SRM_University%2C_Andhra_Pradesh_logo.png
SSM Institute of Engineering and Technology,https://www.facultyplus.com/wp-content/uploads/2025/03/SSM-logo.png
St Joseph's University Bengaluru,https://www.sju.edu.in/assets/img/about/St-Josephs-university-emblem.webp
"St Joseph's College of Engineering and Technology, Palai",https://upload.wikimedia.org/wikipedia/commons/thumb/6/6d/SJCET-LOGO.png/1280px-SJCET-LOGO.png
"St. Joseph College of Engineering, Trinity Campus",https://www.stjoseph.ac.in/assets/images/Event%20/June%202025/webnewlogo1.png
St. Joseph's College of Engineering,https://encrypted-tbn0.gstatic.com/images?q=tbn:ANd9GcSvoq6j3LKf2_OgHLQcFGngHRdzi-Lm1KIndA&s
St. Joseph's College of Engineering Chennai,https://encrypted-tbn0.gstatic.com/images?q=tbn:ANd9GcRRH0cFVzb6XpZH7Xe2Rrvd9lBdTyL0E27Vn27H5vi93A&s
St. Lourdes Engineering College ,https://encrypted-tbn0.gstatic.com/images?q=tbn:ANd9GcTVlOZmKo5Ytpzb7PqgeGNX8dOdUfhbH9rIUQiBg-PQEg&s=10
St. Mary's University,https://digitalnovascotia.com/wp-content/uploads/dns_member_logos_temp/logo_105625-1.png
St. Vincent Pallotti College of Engineering & Technology,https://almashines.s3.dualstack.ap-southeast-1.amazonaws.com/assets/images/institutes/logo/170x170/1519.jpg?v=1702015468
Stanford University,https://identity.stanford.edu/wp-content/uploads/sites/3/2020/07/block-s-right.png
Stellenbosch University,https://upload.wikimedia.org/wikipedia/commons/c/c9/Stellenbosch_University_New_Logo.jpg
Stevens Institute of Technology,https://upload.wikimedia.org/wikipedia/en/8/8e/Seal_of_Stevens_Institute_of_Technology.svg
Stockholm University,https://encrypted-tbn0.gstatic.com/images?q=tbn:ANd9GcRQUBTX7xrTdZnaiuFmyFuXmm7U8XBpz6z-vQ&s
Stony Brook University,https://upload.wikimedia.org/wikipedia/commons/thumb/3/3b/Stony_Brook_U_logo_vertical.svg/3840px-Stony_Brook_U_logo_vertical.svg.png
Sudharsan Engineering College,https://encrypted-tbn0.gstatic.com/images?q=tbn:ANd9GcT7jEjCJlPk5nqCkd2-GKPldGEwm5dAM9Q4JWnnIkKITj0nrI4On96L5jQ&s=10
Sunrise university,https://i.pinimg.com/474x/78/43/76/784376fe64214b2cabe334acc88c81b5.jpg
Suresh Gyan Vihar University Jaipur,https://www.ptaindia.com/wp-content/uploads/2025/04/Suresh-Gyan-Vihan-University-logo.png
Surya Engineering College,https://encrypted-tbn0.gstatic.com/images?q=tbn:ANd9GcQg4UwHI_co-aznStD4r5c4lRDAKABThIyc8g&s
Surya Group of Institutions,https://encrypted-tbn0.gstatic.com/images?q=tbn:ANd9GcQg4UwHI_co-aznStD4r5c4lRDAKABThIyc8g&s
"Sushant University, Gurgaon",https://content.jdmagicbox.com/comp/gurgaon/w7/011pxx11.xx11.220829132730.g1w7/catalogue/sushant-university-gurgaon-sector-55-gurgaon-colleges-0zsgornpwm.jpg
Swami Rama Himalayan University,https://media.licdn.com/dms/image/v2/D5622AQFIbqSifNJIqA/feedshare-shrink_800/B56Za6HYA3GkAg-/0/1746879219143?e=2147483647&v=beta&t=uVyD3G1eClLQCMtTASHgM0mHcDlB0jz90rlHIGGfyVQ
Swami Vivekananda University,https://upload.wikimedia.org/wikipedia/en/6/65/Swami_Vivekananda_University%2C_Barrackpore_Logo.png
"Swamy Saswathikananda College, Ernakulam",https://www.sscpoothotta.edu.in/wp-content/uploads/2021/04/cropped-scc-logo.png
Swansea University,https://encrypted-tbn0.gstatic.com/images?q=tbn:ANd9GcSH9I7aO3Y381CjJpECayKqDiQr-uCbYYVD-A&s
Swarrnim Startup and Innovation University,https://www.swarrnim.edu.in/swarrnim/images/logo.png
Swinburne University of Technology,https://encrypted-tbn0.gstatic.com/images?q=tbn:ANd9GcRY7HI_Oh1rPT8sYiMT5tWVlBsjBjC8UHNUdw&s
Symbiosis Centre for Distance Learning,https://encrypted-tbn0.gstatic.com/images?q=tbn:ANd9GcR2OajuOEjkNdMb3qDXxESpSkTSkqvgOkoVYg&s
Symbiosis Skills and Professional University,https://encrypted-tbn0.gstatic.com/images?q=tbn:ANd9GcQAT8jduwukkeLkDPynlbo5CeYKdcVvvSqtkQ&s
Syracuse University,https://encrypted-tbn0.gstatic.com/images?q=tbn:ANd9GcRGWSmFSkz9bvepmlPR9Vnfrk-ZfTBtcHGJ9Q&s
Széchenyi István University (Győr),https://encrypted-tbn0.gstatic.com/images?q=tbn:ANd9GcSqCs8ag1EuwW3wLyH2ZKBahfsi2Q_x2uOLkA&s
T.J. Institute of Technology,https://encrypted-tbn0.gstatic.com/images?q=tbn:ANd9GcRnuwx5Fqbhlo6QIMD5z-Rt2lp9NrlJt2hNMg&s
"T.John Institute of Technology, Bangalore",https://image-upload.getmycollege.com/new-uploads/college/logo/sir-m-visvesvaraya-institute-of-technology-logo-338.jpg
TAFE NSW,https://encrypted-tbn0.gstatic.com/images?q=tbn:ANd9GcQkQ2ej5wOXLi5tnsKqq7KoN2WRzUIjVcowvw&s
Tafe Queensland,https://upload.wikimedia.org/wikipedia/en/6/68/TAFE_Queensland_Logo.png
TAFE South Australia (TAFE SA),https://encrypted-tbn0.gstatic.com/images?q=tbn:ANd9GcTaRQ59iccnhqYxidA58SfxG6kSZAQYnYTT6w&s
"Tagore Engineering College, Rathinamangalam",https://custpostimages.s3.ap-south-1.amazonaws.com/6986/1623404370542.JPG
TakShashila University,https://takshashilauniv.ac.in/faculty-recruitment/img/taklogo.png
Tata Institute of Social Sciences,https://upload.wikimedia.org/wikipedia/en/b/bf/Tata_Institute_of_Social_Sciences_Logo.svg
Tatyasaheb Kore Institute of Engineering and Technology,https://digitaltkiet.in/static/media/logo.4803a540c8c4f78d2155.png
Technical University of Darmstadt,https://upload.wikimedia.org/wikipedia/commons/2/24/TU_Darmstadt_Logo.svg
Technical University of Denmark,https://encrypted-tbn0.gstatic.com/images?q=tbn:ANd9GcQX64zCuL_hFNxUZzMpiwHTnl8eWghG_BTnGg&s
Technical University of Munich,https://upload.wikimedia.org/wikipedia/commons/c/c8/Logo_of_the_Technical_University_of_Munich.svg
Technische Hochschule Ingolstadt,https://encrypted-tbn0.gstatic.com/images?q=tbn:ANd9GcRdO_YxJOqxPpDaZrs6hCv2Swld9TVGn5xN2w&s
Technische Hochschule Würzburg-Schweinfurt,https://encrypted-tbn0.gstatic.com/images?q=tbn:ANd9GcR5-DBPmY4_XkUltE9rJ2GcEcebL_FaiURyng&s
Techno International New Town,https://encrypted-tbn0.gstatic.com/images?q=tbn:ANd9GcThvoShoXh_VdXW6COfIhfuW_NAWnQOrJk4RQ&s
"Techno Main Salt Lake, Sector-V, Salt Lake",https://media.licdn.com/dms/image/v2/C4D0BAQEZVoTDxFfhfQ/company-logo_200_200/company-logo_200_200/0/1657096672967?e=2147483647&v=beta&t=8c8vLV-IDKVZ436DXIjsaGIBb1LAIKRQ6XZbxn5xG3I
"Technocrats Institute of Technology, Bhopal",https://www.aimset.in/images/participating-universities/logo202510298288.png
Technological University Dublin,https://encrypted-tbn0.gstatic.com/images?q=tbn:ANd9GcQrJyRiicKSPoC60V6NYt9j5RMPbrDwXn0GBQ&s
Tecnológico de Monterrey,https://cms-resources.prd.timeshighereducation.com/sites/default/files/styles/large/public/2021-10/Tecnologico%20de%20Monterrey.jpg?itok=90Wpb-GN
Teerthanker Mahaveer University,https://encrypted-tbn0.gstatic.com/images?q=tbn:ANd9GcRJWJc5fNbmJEtsJIWezldpmDLbhF_x3H8kSA&s
Teesside University,https://www.tees.ac.uk/depts/srm/templates/Teesside%20University%20Black.png
Tel Aviv University,https://encrypted-tbn0.gstatic.com/images?q=tbn:ANd9GcQt9luywUc8aL_jtbU0dZV4hwX6kgl5wE1DeA&s
Temple University,https://upload.wikimedia.org/wikipedia/commons/thumb/1/17/Temple_T_logo.svg/250px-Temple_T_logo.svg.png
Thakur College of Engineering and Technology,https://encrypted-tbn0.gstatic.com/images?q=tbn:ANd9GcSR7JjJ-Qn35V25PZo0I1JSCx3aT8bTb8Oclg&s
Thamirabharani Engineering College,https://encrypted-tbn0.gstatic.com/images?q=tbn:ANd9GcS0P3z0tSaGp4-GZ11JW0mkyJuIxeltZC3KeQ&s
Thapar Institute of Engineering and Technology,https://encrypted-tbn0.gstatic.com/images?q=tbn:ANd9GcSOGOznp4GpjIWMTFsB4HVgKjV0vSHPH3zEsbaO06OoaA&s
The Apollo University,https://encrypted-tbn0.gstatic.com/images?q=tbn:ANd9GcQgJa-8betsRFH3tFSvoFCOZAvq-5lFieoKng&s
The Australian National University,https://encrypted-tbn0.gstatic.com/images?q=tbn:ANd9GcSXOClNFhhzhIPph_QGU71f2FST_pjpjLoGlg&s
The Hong Kong University of Science and Technology,https://upload.wikimedia.org/wikipedia/en/8/85/Hong_Kong_University_of_Science_and_Technology_symbol.svg
The Hongkong Polytechnic University,https://encrypted-tbn0.gstatic.com/images?q=tbn:ANd9GcSKe-BgeatUjYMHy3H0tMNq2udMzQDnDQjqnw&s
The LNM Institute of Information Technology,https://upload.wikimedia.org/wikipedia/commons/thumb/2/25/LNMIIT_Logo_%28Transperant_Background%29.png/1280px-LNMIIT_Logo_%28Transperant_Background%29.png
The NorthCap University,https://ncuindia.edu/ncuupload/NCU-Logo.svg
The Ohio State University,https://www.osu.edu/images/osu-logo-stacked.svg
The University of Alabama,https://encrypted-tbn0.gstatic.com/images?q=tbn:ANd9GcRpNbZdosnjl-wEiMymd4ypioFLfPnDyLEXQg&s
The University of Arizona,https://encrypted-tbn0.gstatic.com/images?q=tbn:ANd9GcQttgPcS09nN_PdQs6ZW62g1s2TUPgPrYPFsQ&s
The University of Auckland,https://upload.wikimedia.org/wikipedia/en/a/ac/University_of_Auckland_Coat_of_Arms.png
The University of Central Oklahoma,https://encrypted-tbn0.gstatic.com/images?q=tbn:ANd9GcRrEe1bLCacKIEFmraqGGMwUHB9gB6EFFUYJQ&s
The University of Hong Kong,https://www.hku.hk/f/page/7561/150p169/1d@750.jpg
The University of Kansas,https://logos-world.net/wp-content/uploads/2023/09/University-of-Kansas-Logo.jpg
The University of Law,https://encrypted-tbn0.gstatic.com/images?q=tbn:ANd9GcRZzARNZvcXtUJuJG9WfO8zSLd0q69vyX30aQ&s
The University of Manchester,https://encrypted-tbn0.gstatic.com/images?q=tbn:ANd9GcQIRpJMmDi3Derxu0pZtGIwi1o7GA76lY14nQ&s
The University of Oklahoma,https://logos-world.net/wp-content/uploads/2022/01/University-of-Oklahoma-Symbol.png
The University of Queensland,https://encrypted-tbn0.gstatic.com/images?q=tbn:ANd9GcQAxxHOHF9ck8YjPsl7bDJIb8J7tqoQE25_-Q&s
The University of Sheffield,https://encrypted-tbn0.gstatic.com/images?q=tbn:ANd9GcTC1jz1gBMhWLaDr5F-mxNT3I0DehCUQ4k49A&s
"The University of Tennessee, Knoxville",https://brand.utk.edu/wp-content/uploads/2019/02/University-CenteredLogo-RGB.png
The University of Texas Rio Grande Valley,https://upload.wikimedia.org/wikipedia/en/7/75/UT_Rio_Grande_Valley_seal.svg
The University of the South Pacific,https://upload.wikimedia.org/wikipedia/commons/5/57/University_of_the_South_Pacific_logo.svg
The University of Utah,https://d26toa8f6ahusa.cloudfront.net/wp-content/uploads/2025/07/08145836/1200-x-675-logo.jpg
Thompson Rivers University,https://www.tru.ca/__shared/assets/tru_logo31895.png
Tilak Maharashtra Vidyapeeth,https://encrypted-tbn0.gstatic.com/images?q=tbn:ANd9GcS_N4BnDOATo6F_ScVNyqyZDzyiaNiHdvNPSw&s
Tilburg University,https://encrypted-tbn0.gstatic.com/images?q=tbn:ANd9GcSGcgzNh_wXW_ZPjpxp4K6Vy4NotaFdEisTeg&s
TOMS COLLEGE OF ENGINEERING,https://encrypted-tbn0.gstatic.com/images?q=tbn:ANd9GcTqA5tVH486gKZM_N7qxasZAXIkA1tyaXL4XQ&s
Toronto Metropolitian University,https://upload.wikimedia.org/wikipedia/commons/thumb/9/9f/TMU_logo.svg/1280px-TMU_logo.svg.png?_=20220426173431
Torrens University Australia,https://upload.wikimedia.org/wikipedia/commons/0/08/TORRENS_UNIVERSITY_AUSTRALIA_PRIMARY_LOGO_ORANGE_GREY_RGB.png?_=20210903001535
Troy University,https://encrypted-tbn0.gstatic.com/images?q=tbn:ANd9GcQYd1d5MCWpDkzzJYfei_AW-xFcXBAH4tPGLw&s
Tufts University,https://upload.wikimedia.org/wikipedia/commons/6/6f/Tufts_University_logo.png
Tulane University,https://upload.wikimedia.org/wikipedia/en/7/7e/Tulane_logo.svg
UCSI University,https://www.ucsiuniversity.edu.my/sites/default/files/ucsi_logo_box.jpg
"UKF College of Engineering and Technology, Kollam",https://encrypted-tbn0.gstatic.com/images?q=tbn:ANd9GcRb6NnC4rR6YBCur1iuk0nBQSPMDUOt0ocX1w&s
Unitec Institute of Technology,https://encrypted-tbn0.gstatic.com/images?q=tbn:ANd9GcS4Ua5AfopXWFrkYTBn4kjfCHpwLHEUuvzWqg&s
United States Military Academy,https://encrypted-tbn0.gstatic.com/images?q=tbn:ANd9GcT50__gvM_t9oW6eM_fe-VWvLUw78Cl9uN8KA&s
Universal Skilltech,https://hussui.com/wp-content/uploads/2024/12/ustulogo-primary.png
Universidad Anáhuac México,https://encrypted-tbn0.gstatic.com/images?q=tbn:ANd9GcSxjS2miPTGcpGxt2e1mbEMp0iN8_guQ21oqA&s
Universidad Carlos III de Madrid,https://encrypted-tbn0.gstatic.com/images?q=tbn:ANd9GcQmwOJtTKtKTGirViC7L2sJkyQSMU7HGJMuMA&s
Universidad de La Sabana,https://encrypted-tbn0.gstatic.com/images?q=tbn:ANd9GcTic1OjiKy6Q2MZ5b3sE8VZzeq-ciS2usxkNA&s
Universidad de Los Andes,https://data.org/wp-content/uploads/2022/02/Universidad-de-los-Andes.png
Universidad del Rosario,https://upload.wikimedia.org/wikipedia/commons/thumb/6/6d/Universidad_del_Rosario.svg/1280px-Universidad_del_Rosario.svg.png
Universidad ICESI,https://encrypted-tbn0.gstatic.com/images?q=tbn:ANd9GcTvkCpj7cRlxVV6qdG8xmqWCq0t1DuD0lScyQ&s
Universidad Nacional de Colombia,https://encrypted-tbn0.gstatic.com/images?q=tbn:ANd9GcTHhi_NlNo-ANo9GJAKVT17efBkWl21bQe7NQ&s
Universidade Lusófona,https://encrypted-tbn0.gstatic.com/images?q=tbn:ANd9GcQ4Ks1-zUtzZXkedxZoY465CJ-n0T016yaB3A&s
Universita di Padova,https://800anniunipd.it/wp-content/uploads/2018/11/Logo_Universit%C3%A0_Padova.svg.png
Universitat de Barcelona,https://encrypted-tbn0.gstatic.com/images?q=tbn:ANd9GcQUUCoowLWoEsJByoJqWwGaggj73cL03lbj-g&s
Universitat Politècnica de Catalunya,https://upload.wikimedia.org/wikipedia/commons/thumb/9/97/Logo_UPC.svg/250px-Logo_UPC.svg.png
Universitat Politècnica de València,https://logos-world.net/wp-content/uploads/2020/04/UPV-Emblem.png
Universitat Rovira i Virgili,https://upload.wikimedia.org/wikipedia/en/5/52/Rovira_i_Virgili_University.png
Université de Limoges,https://encrypted-tbn0.gstatic.com/images?q=tbn:ANd9GcThkmNCbnGPnKx3DSJtfkmnkG6JLlVo7FaKPA&s
Université de Montpellier (UM),https://upload.wikimedia.org/wikipedia/en/9/97/University_of_Montpellier_seal.svg
Université de Montréal,https://encrypted-tbn0.gstatic.com/images?q=tbn:ANd9GcTjbCV9y2nHaR-WgtEiycsUwbtJHZlaSJAK4w&s
Université de Pau et du Pays de l'Adour,https://encrypted-tbn0.gstatic.com/images?q=tbn:ANd9GcRwD6aZ5QSZHRHMIlDB0QHo19lybVcwefv4vA&s
Université de Rennes,https://encrypted-tbn0.gstatic.com/images?q=tbn:ANd9GcTWP7tcRf2fDd__Unmkgo5d5dzfJg02zfaLwQ&s
Université de Strasbourg (Unistra),https://encrypted-tbn0.gstatic.com/images?q=tbn:ANd9GcTAyFBVNkTDHQLsS2CzPl4UEUz2BA0wpEWIRw&s
Universite libre de Bruxelles,https://encrypted-tbn0.gstatic.com/images?q=tbn:ANd9GcQNSKiV7uShoFmP3DeLKKgGm3oS6EA-tynB1w&s
Universite Paris Saclay,https://encrypted-tbn0.gstatic.com/images?q=tbn:ANd9GcQLwgE4DbgWAtBzTW4rlTdd--Uwa9TPiYQTPw&s
Universiti Malaya,https://upload.wikimedia.org/wikipedia/en/thumb/8/8f/University_of_Malaya_logo.svg/1280px-University_of_Malaya_logo.svg.png
Universiti Poly-Tech Malaysia-UPTM,https://encrypted-tbn0.gstatic.com/images?q=tbn:ANd9GcSKWIGED5hi6-4Sbtr3mBgX_Vx9bvuWh5z0rQ&s
Universiti Teknikal Malaysia Melaka,https://encrypted-tbn0.gstatic.com/images?q=tbn:ANd9GcQqs5QLVO6O-8Dnwa00SPcTnlFRFLxdCp4-_w&s
"University at Buffalo, State University of New York",https://upload.wikimedia.org/wikipedia/commons/6/60/University_at_Buffalo_logo.png
University College Cork,https://encrypted-tbn0.gstatic.com/images?q=tbn:ANd9GcRQW1WsbV01XxO7MCTAQlar7H99F6n8j9tlhg&s
University College Dublin,https://upload.wikimedia.org/wikipedia/en/thumb/6/6e/University_College_Dublin_logo.svg/960px-University_College_Dublin_logo.svg.png
University College London,https://encrypted-tbn0.gstatic.com/images?q=tbn:ANd9GcTjpnhRdT3Y0-WCCbqu-r5PL6DNePdL1Sq8Nw&s
University College of Engineering Kancheepuram,http://www.aucek.in/assets/logo.png
University College of Engineering Villupuram,https://aucev.edu.in/wp-content/uploads/2026/05/aucev_logo1.webp
"University College of Engineering,Thodupuzha",https://ucet.ac.in/images/logo.png
University in New South Wales,https://upload.wikimedia.org/wikipedia/en/6/6e/University_of_New_South_Wales_Crest_Variant_2022.png
University in Western Australia,https://encrypted-tbn0.gstatic.com/images?q=tbn:ANd9GcQulmxB8-4Mp5x5YOhK0b0i-4JRW4loqew1Jw&s
University of Aberdeen,https://encrypted-tbn0.gstatic.com/images?q=tbn:ANd9GcSaLDOYP7G4SqchxjyE9Tg80yjHfai5b0IDhA&s
University of Alabama at Birmingham,https://encrypted-tbn0.gstatic.com/images?q=tbn:ANd9GcSQ19UAJjRKT4hweNa1T46ySGT9nWQzzPyBrg&s
University of Algarve,https://encrypted-tbn0.gstatic.com/images?q=tbn:ANd9GcQK3jg2E9LRKZv61QPr3W-BPNw0yokkkDGnxQ&s
University of Alicante,https://upload.wikimedia.org/wikipedia/en/8/87/UniversityAlicanteLogo.png
University of Amsterdam,https://encrypted-tbn0.gstatic.com/images?q=tbn:ANd9GcRXEg8hsqcaxD8tawTCssKvb-eytv2w9x37xw&s
University of Arkansas,https://encrypted-tbn0.gstatic.com/images?q=tbn:ANd9GcR6et5sYb7KG8j6gj5KYnEeNz884P1Lm3_9FQ&s
University of Aveiro,https://encrypted-tbn0.gstatic.com/images?q=tbn:ANd9GcTUq8gI5j3XkS87kxcHmbO9PAP_gI3gLdQT8g&s
University of Birmingham,https://upload.wikimedia.org/wikipedia/commons/b/b8/Shield_of_the_University_of_Birmingham.svg
University of Bonn,https://play-lh.googleusercontent.com/69LqZ11UnYZX8rbaF0M32n7GpsMlUgUpomEJWa4uqPKRAYPqiLYj-JNfe2AzAUuWv5kYPEi5rqvHFzfA8j4o
University of Bradford,https://wp.logos-download.com/wp-content/uploads/2021/01/University_of_Bradford_Logo_old.png?dl
University of Brighton,https://encrypted-tbn0.gstatic.com/images?q=tbn:ANd9GcRuM8dcqsYe_GQfnTCN0Bx8nhyJsC2f0ZJkhg&s
University of Bristol,https://encrypted-tbn0.gstatic.com/images?q=tbn:ANd9GcSjjQiCvvuM96YR93rhIS7jcrCyz_qJ8197sA&s
University of British Columbia,https://encrypted-tbn0.gstatic.com/images?q=tbn:ANd9GcQXPm-4Re8SLPwVStKHCUkQONBgX8ALJyKqzg&s
University of Buckingham,https://encrypted-tbn0.gstatic.com/images?q=tbn:ANd9GcR1htP8I-la8vu70rV7dQ0JA9K_ceTHU4vlnA&s
University of Buraimi ,https://upload.wikimedia.org/wikipedia/commons/9/9f/UoB_-_Logo.jpg
University of Calgary,https://encrypted-tbn0.gstatic.com/images?q=tbn:ANd9GcQdmMJgRmNnXF0ttsicIQxfSbU58uYWzKC-jQ&s
University of California - Riverside,https://encrypted-tbn0.gstatic.com/images?q=tbn:ANd9GcS-uXoXA4_NkFpQnp0Lq67TarsCYKTwCwesRQ&s
University of California Irvine,https://upload.wikimedia.org/wikipedia/commons/thumb/8/8f/University_of_California%2C_Irvine_logo.svg/960px-University_of_California%2C_Irvine_logo.svg.png?_=20171112194553
University of California-San Diego,https://encrypted-tbn0.gstatic.com/images?q=tbn:ANd9GcRpdh405sl9ptk5y3w3KMYio66D4g3J0FnZvA&s
"University of California, Berkeley ",https://encrypted-tbn0.gstatic.com/images?q=tbn:ANd9GcQ9VB-Cj0rJ7Jj6Io4TpJjIjepYQ9WfHET9TQ&s
"University of California, Los Angeles ",https://upload.wikimedia.org/wikipedia/commons/9/9d/University_of_California%2C_Los_Angeles_logo.png
University of Canberra,https://encrypted-tbn0.gstatic.com/images?q=tbn:ANd9GcTAUglpedhl6l0Ap-KLQs8TmSJ5rLyqohPfXA&s
University of Canterbury,https://storage-prtl-co.imgix.net/endor/organisations/12621/logos/1765168073_uc-red-rgb-512x512px.png
University of Cape town,https://encrypted-tbn0.gstatic.com/images?q=tbn:ANd9GcRkUokfde8UrGrxuzlNXOzmuD9MJ31Qov_Y5A&s
University of Chester,https://upload.wikimedia.org/wikipedia/en/a/a9/University_of_Chester_coat_of_arms_%28fair_use%29.png
University of Chicago,https://upload.wikimedia.org/wikipedia/commons/c/cd/University_of_Chicago_Coat_of_arms.png
University of Cincinnati,https://i.pinimg.com/736x/ad/31/82/ad3182230395d370a5f59d0b296ff0e3.jpg
University of Colorado Boulder,https://www.cu.edu/sites/default/files/cu-standalone.png
University of Colorado Denver,https://www.ucdenver.edu/images/default-source/global-theme-images/cu_logo.png
University of Delaware,https://encrypted-tbn0.gstatic.com/images?q=tbn:ANd9GcTtr0yPa9Pmv7Cj4OgPPz-U8Om-4MVhOkKmLw&s
University of Denver,https://www.du.edu/sites/default/files/vertical%20lockup.jpg
University of Derby,https://encrypted-tbn0.gstatic.com/images?q=tbn:ANd9GcT8ajBrpNGMsi3alqS_E5zjckUpr6s78ryYdw&s
University of Doha for Science and Technology,https://encrypted-tbn0.gstatic.com/images?q=tbn:ANd9GcTJAJbIK6PCln7DzN3wcviareNRARe7ffvc5w&s
University of East Anglia,https://upload.wikimedia.org/wikipedia/commons/6/69/UEA_2016_Logo.png
University of Essex,https://encrypted-tbn0.gstatic.com/images?q=tbn:ANd9GcT0NROwV4YI6HgAPTJKW0fjI2jP9ZPtzJhtFg&s
University of Exeter,https://www.exeter.ac.uk/v8media/aboutus/ourstory/logo/logo_2005.webp
University of Florida,https://encrypted-tbn0.gstatic.com/images?q=tbn:ANd9GcTw9lkR66RtagzDZHzPXAIiGNqBfWj952RCsg&s
University of Galway,https://upload.wikimedia.org/wikipedia/en/7/79/University_of_Galway_logo_2022.png
University of Georgia,https://bloximages.newyork1.vip.townnews.com/redandblack.com/content/tncms/assets/v3/editorial/b/15/b158ab90-7480-11e6-99c6-471896ee46d2/57cf42faa88ad.image.jpg
University of Gloucestershire,https://encrypted-tbn0.gstatic.com/images?q=tbn:ANd9GcSGFjp0p7th2ByNxL60-MzDje9MNp8-FuWMKQ&s
University of Granada,https://encrypted-tbn0.gstatic.com/images?q=tbn:ANd9GcQ41apJFE35G9BkLOkg9_-NKXa0RZD_XugAGw&s
University of Greater Manchester,https://images.squarespace-cdn.com/content/v1/61361b280fcb44302576aeee/2944b49c-e42d-43ff-97fa-9d98860a020a/University+of+Greater+Manchester+Carousel+Logo.png
University of Greenwich,https://encrypted-tbn0.gstatic.com/images?q=tbn:ANd9GcQj1vllj4vBY0OteqQ4u99PU-r9G6hRurzrzw&s
University of Guelph,https://encrypted-tbn0.gstatic.com/images?q=tbn:ANd9GcT6byliB9e21uOk9i2B8k8rVuw6U55fh9TQkg&s
University of Helsinki,https://weadapt.org/wp-content/uploads/2025/06/Helsinki-2-1.jpg
University of Hertfordshire,https://encrypted-tbn0.gstatic.com/images?q=tbn:ANd9GcSB3z8F1wloRIkKvOXLlguJ8o8rhivz5lnGNA&s
University of Houston,https://encrypted-tbn0.gstatic.com/images?q=tbn:ANd9GcTZNu9DY5dqBo7eHO646nkFROs6yc3kEnvvRg&s
University of Huddersfield,https://upload.wikimedia.org/wikipedia/en/thumb/2/21/University_of_Huddersfield_logo.svg/3840px-University_of_Huddersfield_logo.svg.png
University of Hyderabad,https://encrypted-tbn0.gstatic.com/images?q=tbn:ANd9GcSq4wypxza8nLPoTHVKr1HKl6FspF4Ti9T1YA&s
University of Idaho,https://encrypted-tbn0.gstatic.com/images?q=tbn:ANd9GcSEpC6B8kP_5VUz3zX9566n4uXtwPzayhS-YA&s
University of Illinois at Chicago,https://encrypted-tbn0.gstatic.com/images?q=tbn:ANd9GcSMHQxmKqM4cjZouEUTP-oXOvx9KRPpgU67Gg&s
University of Illinois Springfield,https://encrypted-tbn0.gstatic.com/images?q=tbn:ANd9GcTHPnJ9JHAN6LBGoNIfz6TKJ9SOzwv_COJ13A&s
University of Illinois Urbana,https://www.google.com/s2/favicons?domain=illinois.edu&sz=256
University of Illinois Urbana-Champaign,https://www.google.com/s2/favicons?domain=illinois.edu&sz=256
University of Jyväskylä,https://www.google.com/s2/favicons?domain=jyu.fi&sz=256
University of Kent,https://www.google.com/s2/favicons?domain=kent.ac.uk&sz=256
University of Kentucky,https://www.google.com/s2/favicons?domain=uky.edu&sz=256
University of Leeds,https://www.google.com/s2/favicons?domain=leeds.ac.uk&sz=256
University of Limerick,https://encrypted-tbn0.gstatic.com/images?q=tbn:ANd9GcS4-MIpUUI7uMpqe5gA8RfAPgEQkk_LP5ekeiOPdqLcrYiEPGZPuiBnJYE&s=10
University of Liverpool,https://www.google.com/s2/favicons?domain=liverpool.ac.uk&sz=256
University of London,https://www.google.com/s2/favicons?domain=london.ac.uk&sz=256
University of Luxembourg,https://encrypted-tbn0.gstatic.com/images?q=tbn:ANd9GcTmhFy-5Pqp5TYU1s-oOrj8zdU_f3RJMgkihIWdO9Jwtg&s
University of Madras,https://cdn.indiabioscience.org/imager/articles/18578/University-of-Madras-Logo_76ea13ce5cec9e3d897b76c6abe4779f.jpg
University of Maryland ,https://encrypted-tbn0.gstatic.com/images?q=tbn:ANd9GcTJn4GIO-xCEqIVudSF19UzIdStAVS-99O-rA&s
University of Melbourne,https://www.google.com/s2/favicons?domain=unimelb.edu.au&sz=256
University of Michigan,https://www.google.com/s2/favicons?domain=umich.edu&sz=256
University of Minnesota,https://encrypted-tbn0.gstatic.com/images?q=tbn:ANd9GcQWPJAwPTi79GbS6gw4Q5DSNg5z1HZzYvKWzg&s
University of Nebraska Omaha,https://www.google.com/s2/favicons?domain=unomaha.edu&sz=256
University of Nebraska-Lincoln,https://www.google.com/s2/favicons?domain=unl.edu&sz=256
University of Nevada,"https://imageio.forbes.com/specials-images/imageserve/5d51a8062dedcb0008dfc9dd/0x0.jpg?format=jpg&crop=416,416,x0,y0,safe&height=87&width=87"
"University of Nevada, Las Vegas","https://imageio.forbes.com/specials-images/imageserve/5d51a8062dedcb0008dfc9dd/0x0.jpg?format=jpg&crop=416,416,x0,y0,safe&height=87&width=87"
"University of Nevada, Reno","https://imageio.forbes.com/specials-images/imageserve/5d51a8062dedcb0008dfc9dd/0x0.jpg?format=jpg&crop=416,416,x0,y0,safe&height=87&width=87"
University of New Brunswick,https://www.google.com/s2/favicons?domain=unb.ca&sz=256
University of New England (UNE),https://www.google.com/s2/favicons?domain=une.edu&sz=256
University of New Haven,https://www.google.com/s2/favicons?domain=newhaven.edu&sz=256
University of New Mexico,https://www.google.com/s2/favicons?domain=unm.edu&sz=256
University of Newcastle,https://www.google.com/s2/favicons?domain=newcastle.edu.au&sz=256
University of North Carolina at Charlotte,https://www.google.com/s2/favicons?domain=charlotte.edu&sz=256
University of North Carolina Greensboro,https://www.google.com/s2/favicons?domain=uncg.edu&sz=256
University of North Carolina Pembroke,https://encrypted-tbn0.gstatic.com/images?q=tbn:ANd9GcR8tvD09vUm8lPX2ls6HxTmIltTx3JmpPEOmk6jjlmPmQ&s
University of North Carolina Wilmington,https://encrypted-tbn0.gstatic.com/images?q=tbn:ANd9GcQj1MM7pL0mIyys1tSbVE4rrnUgkyg4QuvLGnKnNeYJFg&s
University of North Dakota,https://www.google.com/s2/favicons?domain=und.edu&sz=256
University of North Texas,https://encrypted-tbn0.gstatic.com/images?q=tbn:ANd9GcS9j_WP-x-WCUDGWukIKJs9WiwyRW9Jx66QhCflAldMxQ&s
University of Oregon,https://www.google.com/s2/favicons?domain=uoregon.edu&sz=256
University of Oslo,https://encrypted-tbn0.gstatic.com/images?q=tbn:ANd9GcSW601M8P0sLT3qWmSF2hcmKoF6Q4WHdpMmK5ruiZUo6w&s
University of Ottawa,https://encrypted-tbn0.gstatic.com/images?q=tbn:ANd9GcS2JOxJ_UBWO8Gkdt1VeRwfsypw8tj9b79Zx-tECMjViQ&s
University of Oxford,https://encrypted-tbn0.gstatic.com/images?q=tbn:ANd9GcQhbh5DUvZt8X_ushv0DPZO9mMjnHQ6puxQ_g&s
University of Petroleum and Energy Studies,https://akm-img-a-in.tosshub.com/sites/resources/campus/prod/img/logo/2023/7/upes1255545327820.jpg
University of Pisa,https://encrypted-tbn0.gstatic.com/images?q=tbn:ANd9GcQ_h_fzBwtBYywuqAAZky3T-nwPcFome5Kvkg&s
University of Plymouth,https://encrypted-tbn0.gstatic.com/images?q=tbn:ANd9GcTBYMKYus6J7E5KDFFn9LtuZZBTk7Y2UOgZjg&s
University of Porto,https://d1yjjnpx0p53s8.cloudfront.net/styles/logo-thumbnail/s3/062013/u.porto_com_lettering.png?itok=d_s_ZuKe
University of Portsmouth,https://upload.wikimedia.org/wikipedia/commons/d/dc/University_of_Portsmouth_Logo.png
University of Roehampton,https://upload.wikimedia.org/wikipedia/en/a/a4/University_of_Roehampton_logo.png
University of San Diego,https://i.pinimg.com/736x/e7/ae/3b/e7ae3b44958c828e186974641e4d4129.jpg
University of Science and Technology of Southern Philippines,https://upload.wikimedia.org/wikipedia/en/0/01/University_of_Science_and_Technology_of_Southern_Philippines.png
University of South Australia,https://encrypted-tbn0.gstatic.com/images?q=tbn:ANd9GcSrRP_YeHQ0bDmWP373LmPOVLgxJhIElDE8cQ&s
University of South Wales,https://encrypted-tbn0.gstatic.com/images?q=tbn:ANd9GcQ6yNcNxnKmAEpXBSc3Rzpsd2BWNGXNyvvLiQ&s
University of Southampton,https://upload.wikimedia.org/wikipedia/en/3/32/University_of_Southampton_Logo.png
University of Southern California,https://encrypted-tbn0.gstatic.com/images?q=tbn:ANd9GcTnImOdvCN7Phbrer0XJfWUYkMUiMWAbw-5Bg&s
University of Southern Queensland (UniSQ),https://encrypted-tbn0.gstatic.com/images?q=tbn:ANd9GcSSzIGAaPApPCzmF6wiq4ud8nm1WJf-qJxjAQ&s
University of Staffordshire,https://encrypted-tbn0.gstatic.com/images?q=tbn:ANd9GcRe7m5r3qfmEQwfecvb3Fy42sVZPi8WD7YSAA&s
University of Stirling,https://encrypted-tbn0.gstatic.com/images?q=tbn:ANd9GcSfoGqoaHVs4OXY_dO4o8Mh70xu4MvvqKfnRw&s
University of Strathclyde,https://encrypted-tbn0.gstatic.com/images?q=tbn:ANd9GcR1G72rNeTno6MQyDepqHrUNtASvlHdgA2Bhw&s
University of Suffolk,https://upload.wikimedia.org/wikipedia/commons/e/e2/University_of_Suffolk_Logo.png
University of Sunderland,https://encrypted-tbn0.gstatic.com/images?q=tbn:ANd9GcS_gQOlbM5rKHOt_gXRv-zAlPNfECPfhyquvA&s
University of Sunshine Coast,https://encrypted-tbn0.gstatic.com/images?q=tbn:ANd9GcQZqi12-q-O2FX48CrA_uMQe7M5fmOXGd7-Ug&s
University of Surrey,https://encrypted-tbn0.gstatic.com/images?q=tbn:ANd9GcSaKb2yVmuRmMykoO7HmMEL0esHfeiv1JIaKA&s
University of Sydney,https://encrypted-tbn0.gstatic.com/images?q=tbn:ANd9GcSnkSX7vSvqkE2Au8c-9tg1FbTxZOTZtTQ3sA&s
University of Technology Sydney,https://encrypted-tbn0.gstatic.com/images?q=tbn:ANd9GcRyOBkvkQ7Rt5uGXpXjcQH5Qyyia353dwFz9A&s
"University of Tennessee, Knoxville",https://brand.utk.edu/wp-content/uploads/2019/02/University-HorizLeftLogo-RGB.jpg
University of Texas at Austin – McCombs School of Business,https://encrypted-tbn0.gstatic.com/images?q=tbn:ANd9GcTOtn9t3Qm-ohx0eD8fkDZcfSKGdbFpqNz65A&s
University of Texas at Dallas,https://encrypted-tbn0.gstatic.com/images?q=tbn:ANd9GcSjToZL0O-OLLdd79JrZoLOoovIMslCAVomYg&s
University of Texas Rio Grande Valley,https://encrypted-tbn0.gstatic.com/images?q=tbn:ANd9GcR_BqI4t5vyhhvqvwmGMgfdQuRe3HljEDh92w&s
University of the Pacific,https://encrypted-tbn0.gstatic.com/images?q=tbn:ANd9GcQCZ7hdNyh3KEtZ_x3YKPqKB3Aq6Lv4p1-qkg&s
University of the Potomac,https://encrypted-tbn0.gstatic.com/images?q=tbn:ANd9GcS6C6vWJc-bk3-HStE9BZmYzNHi0y7i3kT2_g&s
University of the West of England,https://encrypted-tbn0.gstatic.com/images?q=tbn:ANd9GcQAE7E4mi2SSbulPBfxCEk8S32rim7jWWc6pQ&s
University of the West of Scotland,https://assets.studies-overseas.com/University_of_the_West_of_Scotland_Paisley_Scotland_f2455eefe4.jpg
University of the Witwatersrand,https://upload.wikimedia.org/wikipedia/en/c/c7/Logo_for_the_University_of_the_Witwatersrand%2C_Johannesburg_%28new_logo_as_of_2015%29.jpg
University of Toledo,https://student-public.s3.ap-southeast-1.amazonaws.com/prod/schools/Y6PrXZBPJCpI9zbIOaobEM0PmkAGZepR4KlyqBKV.jpg
University of Toronto,https://upload.wikimedia.org/wikipedia/en/0/04/Utoronto_coa.svg
University of Tulsa,https://encrypted-tbn0.gstatic.com/images?q=tbn:ANd9GcSNfiCZ7IVRWnu5O46JHps8Tjet9BGhNufNh_2-AkixRXrQGoLI36mJ_-g&s=10
University of Virginia,https://encrypted-tbn0.gstatic.com/images?q=tbn:ANd9GcQLauL-grCAke0yybbXUpQn1_94u1CP0pdgrw&s
University of Waikato,https://encrypted-tbn0.gstatic.com/images?q=tbn:ANd9GcS9UZUZJXHRzvMBqnikp-vhJS641IgZ_Vy3qQ&s
University of Wales Trinity Saint David,https://tukuz.com/wp-content/uploads/2021/06/university-of-wales-trinity-saint-david-logo-vector.png
University of Warwick,https://upload.wikimedia.org/wikipedia/en/archive/5/5b/20250216015048%21University_of_Warwick_logo.svg
University of Washington,https://upload.wikimedia.org/wikipedia/commons/3/36/University_of_Washington_Block_W_logo_RGB_brand_colors.SVG
University of Washington Bothell,https://encrypted-tbn0.gstatic.com/images?q=tbn:ANd9GcTykJZrTc3ZWSYVhwN48x1LFPQzsrCgwPOadg&s
University of Waterloo,https://upload.wikimedia.org/wikipedia/en/6/6e/University_of_Waterloo_seal.svg
University of West London,https://upload.wikimedia.org/wikipedia/commons/3/36/UWL-Logo.png
University of Westminster,https://upload.wikimedia.org/wikipedia/commons/9/92/Coat_of_Arms_of_the_University_of_Westminster.svg
University of Winchester,https://encrypted-tbn0.gstatic.com/images?q=tbn:ANd9GcQ9O7vHI3UI41VzixZCxY5eVste1knBZCLcpw&s
University of Wisconsin - Madison,https://encrypted-tbn0.gstatic.com/images?q=tbn:ANd9GcQ1RDtDTfmQ0CBRYGxf_DCyg-vzwSdvpiFoEA&s
University of Wisconsin-Milwaukee,https://encrypted-tbn0.gstatic.com/images?q=tbn:ANd9GcQJZ1JUPJq1txH1TgeeJg2Oh4UXs9Sn7jwYrQ&s
University of Wisconsin–Stout,https://encrypted-tbn0.gstatic.com/images?q=tbn:ANd9GcTpQYTM62LUlKZrHuFE8C67hHvgYGndEtjS8w&s
University of Wollongong,https://upload.wikimedia.org/wikipedia/en/thumb/f/fa/Shield_of_the_University_of_Wollongong.svg/960px-Shield_of_the_University_of_Wollongong.svg.png
University of Wolverhampton,https://assets.studies-overseas.com/University_of_Wolverhampton_Desktop_U_Niversity_Logo_5a8636da53.webp
University of Worcester,https://encrypted-tbn0.gstatic.com/images?q=tbn:ANd9GcT3yIRf_blcMudMkB7MGGf2zRx3omO3OLTugg&s
University of York,https://encrypted-tbn0.gstatic.com/images?q=tbn:ANd9GcQnBxL224Q7nRzRC4LhP0oCM0s_i6d4U5CBAQ&s
Unnamalai Institute of Technology,https://encrypted-tbn0.gstatic.com/images?q=tbn:ANd9GcQuzt8HIcYdiKZ3zIuxuhNJfKfmuYcQi0irElbKlsiFAGvFy8sChm2x63QC&s=10
UNSW Canberra ,https://upload.wikimedia.org/wikipedia/commons/4/48/UNSW_Canberra_portrait_Logo.jpg
Ural Federal University,https://upload.wikimedia.org/wikipedia/commons/d/d9/Ural_Federal_University_%28eng%29.jpg
Utah State University,https://encrypted-tbn0.gstatic.com/images?q=tbn:ANd9GcTJqMYnvy_mYEIPrTsRDzyLr_qRvnkm8oiuPA&s
Utah Valley University,https://upload.wikimedia.org/wikipedia/en/a/a1/Utah_Valley_University_seal.svg
Uttarakhand Open University,https://upload.wikimedia.org/wikipedia/en/7/76/Uttarakhand_Open_University_Logo.png
Uttaranchal University,https://meetdehradununiversity.in/wp-content/uploads/2025/03/contact-page-logo.webp
Vancouver Island University,https://encrypted-tbn0.gstatic.com/images?q=tbn:ANd9GcRp8dQ88XuFFTxw1hGhYylp9PxomqfGYdLlhg&s
Vanderbilt University,https://encrypted-tbn0.gstatic.com/images?q=tbn:ANd9GcQWAhZkVWmYYBbuVhNkXkZBvhM59EbafLq24A&s
VASANT DADA PATIL PRATISHTAN'S LAW COLLEGE,https://vpplc.in/assets/img/Logo-Law%20College.png
Veerammal Engineering College,https://dial4college.blr1.cdn.digitaloceanspaces.com/pro/3185/logo/1737040179.jpeg
Vel Tech Multi Tech Engineering College,https://www.veltechmultitech.org/wp-content/uploads/2025/09/logo-with-round.png
"Velammal Engineering College , Velammal Nagar, Ambattur",https://encrypted-tbn0.gstatic.com/images?q=tbn:ANd9GcSvsgt7JWrg-10lbhVZD39fUVBEFLZhBhU2IUuaXaO-pmeM-ddDcsYTR6g&s=10
Vellore Institute of Technology Bangalore,https://res.cloudinary.com/dh9lxsqnx/image/upload/v1773671158/collage-uploads/z5ihuxbtsu1hunbhm2mp.png
Vellore Institute of Technology Bhopal,https://res.cloudinary.com/dh9lxsqnx/image/upload/v1773671158/collage-uploads/z5ihuxbtsu1hunbhm2mp.png
Vellore Institute of Technology Chennai,https://res.cloudinary.com/dh9lxsqnx/image/upload/v1773671158/collage-uploads/z5ihuxbtsu1hunbhm2mp.png
Vellore Institute of Technology Guntur,https://res.cloudinary.com/dh9lxsqnx/image/upload/v1773671158/collage-uploads/z5ihuxbtsu1hunbhm2mp.png
Vellore Institute of Technology Vellore,https://res.cloudinary.com/dh9lxsqnx/image/upload/v1773671158/collage-uploads/z5ihuxbtsu1hunbhm2mp.png
VELS Institute of Science Technology & Advanced Studies,https://upload.wikimedia.org/wikipedia/en/6/60/Vels_University_logo.png
Victoria University,https://upload.wikimedia.org/wikipedia/en/c/c6/Victoria_University_%28Australia%29_logo.svg
Victoria University of Wellington,https://www.wgtn.ac.nz/__data/assets/image/0005/1754672/Full-logo-green.png
Vidhyadeep University,https://vidhyadeepuni.ac.in/media/vidhyadeep.png
Vidyaa Vikas College of Engineering and Technology,https://horizons-cdn.hostinger.com/bed5e320-8581-4665-bd50-68e61424fd6b/c35a4381dc96f9a676ff947e08bdc656.png
"Vignan's Foundation for Science,Technology & Research",https://edumyra.com/uploads/college/large/392-373-1712309037.png
"Vikrant Institute of Tech. & Management, Indore",https://encrypted-tbn0.gstatic.com/images?q=tbn:ANd9GcSM99C6TEzNwYcnUTR4Eweq3_HZ85flNe5FXAs5y9aiyQ&s=10
Vilnius TECH,https://encrypted-tbn0.gstatic.com/images?q=tbn:ANd9GcRbs34PAAZPD-TXPbl2xnwfQaYHUQCGUbEjjw&s
Vilnius University,https://encrypted-tbn0.gstatic.com/images?q=tbn:ANd9GcQdXxpnTRiIS2QAYZA2TrQ1d-MWvcTnD0vySw&s
"Vimal Jyothi Engineering College, Kannur",https://encrypted-tbn0.gstatic.com/images?q=tbn:ANd9GcTVS9lN12PT39_HWlivwFt7ICu_h97neARm2g&s
Vins Christian College of Engineering,https://www.vinsengineeringcollege.org/includes/images/vinslogo.jpg
Virginia Commonwealth University,https://upload.wikimedia.org/wikipedia/en/thumb/c/cd/VCU_Seal_sans_logotype.svg/330px-VCU_Seal_sans_logotype.svg.png
Virginia Polytechnic Institute and State University,https://encrypted-tbn0.gstatic.com/images?q=tbn:ANd9GcRP2TQjS3cKkZr6cyN7Vxns68pgk8RTtSFexA&s
Vishwakarma Institute of Technology Pune,https://upload.wikimedia.org/wikipedia/en/f/f0/Vishwakarma_Institute_of_Technology.png
Vistula University,https://encrypted-tbn0.gstatic.com/images?q=tbn:ANd9GcQ46_UBFp2ejmkAbVcywNH88dnzpuvTXHDmuQ&s
Visvesvaraya Technological University,https://upload.wikimedia.org/wikipedia/en/a/a0/Visvesvaraya_Technological_University_logo.png
Vivekananda Global University,https://encrypted-tbn0.gstatic.com/images?q=tbn:ANd9GcQJPHkXG-J_GMu8RuSJJ71w55Jrk9loRN6INg&s
VIZJA University,https://encrypted-tbn0.gstatic.com/images?q=tbn:ANd9GcSlMpGPdbxs2mPfEDc7iEYOqerU5MAD68gBDg&s
VM Salagaocar College of Law,https://encrypted-tbn0.gstatic.com/images?q=tbn:ANd9GcQHYeJLkEu7kX2kpMOzJG94lUS4XDMtXwGRnQ&s
Vrije Universiteit Amsterdam,https://encrypted-tbn0.gstatic.com/images?q=tbn:ANd9GcTNQUl0u3rsKjpiHRKWTOof2-nASkcoLaGaEQ&s
Wake Forest University,https://encrypted-tbn0.gstatic.com/images?q=tbn:ANd9GcQxA23Y7r-wB7gpoBPyq9vgW6pykeKILdmaug&s
Walbrook Institute London,https://encrypted-tbn0.gstatic.com/images?q=tbn:ANd9GcQ4vWjzREKMGGNHtLSS5AU7ivAdf0xvnFEjGA&s
Warwickshire College,https://upload.wikimedia.org/wikipedia/commons/9/9c/WCG_Logo.png
Washington University in St. Louis,https://encrypted-tbn0.gstatic.com/images?q=tbn:ANd9GcRJYyxBRqflGN68pyGtJt4yozIy7SuVwwTR9Q&s
West Virginia University,https://encrypted-tbn0.gstatic.com/images?q=tbn:ANd9GcQwswAlcX7tFQbablVOlJSB8CFWIMFtgw4fnA&s
Western Sydney University,https://upload.wikimedia.org/wikipedia/en/f/f0/Western_Sydney_University_Crest.png
Wichita State University,https://www.wichita.edu/services/strategic_communications/brand_standards/_images/horizontal_logo.jpg
Worcester Polytechnic Institute,https://upload.wikimedia.org/wikipedia/en/thumb/e/ec/WPI_logo.svg/1280px-WPI_logo.svg.png
Woxsen University,https://upload.wikimedia.org/wikipedia/commons/thumb/3/34/Woxsen_University_Registered.jpg/500px-Woxsen_University_Registered.jpg
Wrexham University,https://upload.wikimedia.org/wikipedia/commons/thumb/5/50/Coat_of_arms_of_Wrexham_Glynd%C5%B5r.svg/500px-Coat_of_arms_of_Wrexham_Glynd%C5%B5r.svg.png
Wright State University,https://encrypted-tbn0.gstatic.com/images?q=tbn:ANd9GcQYV3uJWSAw7I_4AKhS0UmKlmAmdcXtBShzsw&s
Xavier Institute Of Engineering,https://upload.wikimedia.org/wikipedia/en/b/ba/Logo_of_Xavier_Institute_Of_Engineering.jpg
Yadavrao Tasgaonkar College of Engineering & Management,https://i0.wp.com/ytcem.com/wp-content/uploads/2024/05/ytcemlogo.webp?fit=1467%2C1207&ssl=1
Yale University,https://upload.wikimedia.org/wikipedia/commons/thumb/0/07/Yale_University_Shield_1.svg/330px-Yale_University_Shield_1.svg.png
Yenepoya University,https://www.yenepoya.edu.in/img/Yen%20new%20Logo.png
Yeshiva University,https://upload.wikimedia.org/wikipedia/en/thumb/c/c2/Yeshiva_University.svg/330px-Yeshiva_University.svg.png
York St John University,https://www.yorksj.ac.uk/media/content-assets/safe-images/brand-guidelines/YSJ-Crest-full-colour.jpg
York University,https://upload.wikimedia.org/wikipedia/commons/thumb/8/87/Logo_York_University.svg/1920px-Logo_York_University.svg.png?_=20150106232505
Zhejiang University,https://upload.wikimedia.org/wikipedia/en/thumb/1/16/Zhejiang_University_Logo.svg/500px-Zhejiang_University_Logo.svg.png
Elphinstone College,https://upload.wikimedia.org/wikipedia/en/thumb/9/99/Elphinstone_College_crest.svg/500px-Elphinstone_College_crest.svg.png
Shree Venkateshwara Hi-Tech Engg. College,https://www.svhec.ac.in/assets/img/svv-logo.png
CVM University,https://www.ecvm.net/CSShm/img/cvmu.jpg
